Actual_Energy_Demand,Predicted_Energy_Demand
2.568,2.4388113
2.566,2.4748988
2.545999999999999,2.597223
2.5419999999999994,2.5789413
2.95,2.4671817
2.732,2.7969694
2.564,2.6770654
3.5099999999999993,2.5234005
2.532,3.3697877
2.392,2.448564
2.39,2.6569235
2.21,2.42806
2.068,2.315552
2.066,2.3783736
2.058,2.2593517
2.1,2.1350322
2.148,2.2249515
2.15,2.1276736
2.146,2.1919594
2.158,2.1985188
2.158,2.2237635
2.166,2.208275
2.172,2.2228498
2.16,2.1904602
2.146,2.2228498
2.154,2.2228498
2.164,2.238432
2.158,2.2295892
2.144,2.2555618
2.142,2.238432
2.148,2.23442
2.22,2.23442
2.228,2.2384071
2.226,2.2295644
2.232,2.2581902
2.296,2.2524993
2.2739999999999996,2.2524993
2.2640000000000002,2.2436569
2.316,2.2436569
2.33,2.248346
2.346,2.2529492
2.346,2.255804
2.282,2.266641
2.214,2.2533622
2.554,2.305753
2.5919999999999996,2.4905105
2.424,2.5125127
2.368,2.2916365
2.336,2.2981997
2.3340000000000005,2.327227
1.518,2.3364756
1.2700000000000002,1.7642559
1.268,1.9827268
1.272,1.6531433
1.274,1.5386865
1.2700000000000002,1.4188813
1.266,1.3469932
1.258,1.3776721
1.256,1.3765814
1.2600000000000002,1.3040423
1.252,1.2966751
1.296,1.2966751
1.266,1.3217992
1.246,1.3027728
1.4159999999999997,1.3296382
1.346,1.4679835
1.356,1.330688
1.344,1.3417388
1.336,1.3545842
1.342,1.344612
1.34,1.3430322
1.34,1.3411617
1.336,1.3427414
1.328,1.3427414
1.328,1.3417388
1.326,1.3417388
1.328,1.3388387
1.278,1.3336138
1.338,1.2903727
1.328,1.332034
1.314,1.320519
1.308,1.323917
1.302,1.3157921
1.304,1.2990516
1.292,1.2990516
1.288,1.2990516
1.284,1.2851479
1.2299999999999998,1.2851479
1.232,1.2782085
1.2299999999999998,1.2782085
1.2299999999999998,1.2811972
1.228,1.2811972
1.222,1.2811972
1.224,1.2811972
1.226,1.2811972
1.224,1.2811972
1.222,1.2811972
1.228,1.2811972
1.234,1.2811972
1.274,1.2811972
1.342,1.2868583
1.338,1.3170044
1.328,1.320519
1.324,1.340159
1.328,1.340159
1.328,1.332034
1.324,1.320519
1.324,1.3372589
1.322,1.332034
1.312,1.2990516
1.318,1.2990516
1.302,1.2990516
1.226,1.2990516
1.224,1.2782085
1.224,1.2843584
1.222,1.2811972
1.226,1.2910451
1.3,1.2819837
1.304,1.3015486
1.306,1.3015486
1.306,1.2998382
1.306,1.2998382
1.302,1.2998382
1.298,1.2998382
1.294,1.2990516
1.282,1.2990516
1.222,1.2851479
1.228,1.2782085
1.2299999999999998,1.2843584
1.234,1.2811972
1.232,1.2811972
1.242,1.2811972
1.226,1.2811972
1.228,1.2811972
1.318,1.2811972
1.332,1.300762
1.328,1.3170044
1.33,1.3303668
1.336,1.3380454
1.34,1.3380454
1.336,1.3380454
1.34,1.3409455
1.34,1.3409455
1.294,1.340159
1.238,1.323917
1.808,1.2978487
1.734,1.7679815
1.336,1.5601534
0.964,1.4707857
1.274,1.1706678
1.314,1.5213674
1.156,1.3944864
1.096,1.2072957
0.6400000000000001,1.065631
0.51,0.82606107
0.428,0.80395013
0.482,0.56201935
0.54,0.57363975
0.54,0.5644056
0.542,0.5514896
0.42999999999999994,0.5691049
0.424,0.5007236
0.422,0.47116128
0.422,0.47116128
0.422,0.45812428
0.382,0.45905071
0.348,0.41964194
0.348,0.38326162
0.34,0.38326162
0.46199999999999997,0.3709632
0.448,0.48890752
0.448,0.45459983
0.448,0.44566816
0.446,0.45396945
0.414,0.45396945
0.38599999999999995,0.43442497
0.38599999999999995,0.42104572
0.38599999999999995,0.42104572
0.38599999999999995,0.41274452
0.4,0.41274452
0.464,0.41820484
0.374,0.4625072
0.366,0.40850455
0.368,0.37695238
0.368,0.38525364
0.372,0.37695238
0.372,0.39569655
0.372,0.3946125
0.37,0.3946125
0.37,0.3946125
0.37,0.3946125
0.372,0.3946125
0.37,0.3946125
0.37,0.3946125
0.37,0.3946125
0.37,0.3946125
0.39,0.3946125
0.444,0.41166043
0.39,0.44179162
0.384,0.41553697
0.384,0.40238297
0.382,0.4106842
0.38,0.40346703
0.38,0.40346703
0.5,0.40346703
0.444,0.48477313
0.344,0.45459983
0.338,0.37375566
0.338,0.3886394
0.338,0.37652898
0.334,0.3693118
0.33,0.3693118
0.33,0.36577615
0.328,0.36577615
0.326,0.36577615
0.326,0.36577615
0.25,0.36577615
0.234,0.3006451
0.232,0.27441886
0.236,0.2715036
0.236,0.2586265
0.236,0.2586265
0.236,0.2586265
0.236,0.2586265
0.234,0.2586265
0.234,0.2586265
0.234,0.2586265
0.234,0.2586265
0.232,0.2586265
0.842,0.2586265
1.364,1.1887472
1.352,1.4931464
1.338,1.2517339
1.334,1.389078
1.336,1.3814175
1.342,1.3659972
1.338,1.3438618
1.414,1.3438618
1.4460000000000002,1.4187262
1.516,1.424176
1.518,1.4464355
1.52,1.4725608
1.514,1.4884139
1.51,1.4834945
1.51,1.4913206
1.482,1.5016212
1.434,1.4792655
1.422,1.474503
1.408,1.4615512
1.402,1.4473466
1.352,1.4395205
1.322,1.3464755
1.326,1.3262831
1.33,1.3373002
1.334,1.3064469
1.336,1.3116721
1.336,1.3372589
1.332,1.340159
1.312,1.340159
1.314,1.323917
1.304,1.3157921
1.302,1.2990516
1.31,1.2990516
1.306,1.2990516
1.312,1.2990516
1.318,1.2990516
1.324,1.2990516
1.328,1.315294
1.316,1.315294
0.492,1.3042768
0.23,0.77591866
0.228,0.5768591
0.228,0.3179103
0.33,0.36783442
0.336,0.3551765
0.332,0.35122535
0.332,0.35060498
0.33,0.36348212
0.416,0.36977336
0.404,0.45441404
0.404,0.42111802
0.402,0.42111802
0.398,0.42111802
0.398,0.41565764
0.37,0.41674167
0.302,0.39569655
0.264,0.33233324
0.228,0.29159737
0.228,0.27258766
0.23,0.25971055
0.23,0.2586265
0.23,0.2586265
0.23,0.2586265
0.23,0.2586265
0.23,0.2586265
0.23,0.2586265
0.232,0.2586265
0.232,0.2586265
0.232,0.2586265
0.232,0.2586265
0.232,0.2586265
0.232,0.2586265
0.232,0.2586265
0.232,0.2586265
0.232,0.2586265
0.236,0.2586265
0.238,0.2586265
0.274,0.27280673
0.346,0.29418948
0.34199999999999997,0.3439549
0.338,0.35408673
0.336,0.35535058
0.332,0.36822775
0.332,0.36577615
0.33,0.36577615
0.33,0.36577615
0.332,0.36577615
0.33,0.36577615
0.328,0.36577615
0.278,0.36577615
0.30999999999999994,0.32011375
0.30999999999999994,0.3293835
0.312,0.32646823
0.30999999999999994,0.32843834
0.308,0.3293835
0.308,0.3293835
0.308,0.3293835
0.304,0.32646823
0.232,0.32646823
0.234,0.2715036
0.234,0.2715036
0.236,0.2586265
0.234,0.2586265
0.234,0.2586265
0.236,0.2586265
0.238,0.2586265
0.24,0.27280673
0.238,0.27280673
0.236,0.27280673
0.238,0.2586265
0.236,0.27280673
0.236,0.2586265
0.27,0.2586265
0.346,0.2747209
0.384,0.3439549
0.422,0.39033923
0.424,0.4289145
0.418,0.44566816
0.416,0.427893
0.42,0.43231773
0.424,0.45009288
0.422,0.4467522
0.422,0.4467522
0.42,0.45505348
0.336,0.45505348
0.326,0.38148957
0.324,0.3751615
0.322,0.3751615
0.322,0.36686024
0.318,0.36686024
0.318,0.35144717
0.316,0.34131548
0.398,0.34131548
0.392,0.41379514
0.392,0.41166043
0.392,0.41166043
0.39,0.41166043
0.39,0.41166043
0.39,0.41274452
0.382,0.41274452
0.302,0.40346703
0.244,0.33233324
0.244,0.2896832
0.244,0.28676796
0.24199999999999997,0.2738908
0.24,0.27280673
0.24,0.27280673
0.268,0.27280673
0.3539999999999999,0.2747209
0.35,0.3439549
0.35,0.35408673
0.35,0.35700196
0.348,0.36987913
0.344,0.36987913
0.34199999999999997,0.36987913
0.34199999999999997,0.36987913
0.34,0.36987913
0.34,0.36987913
0.336,0.36987913
0.252,0.36822775
0.24199999999999997,0.3006451
0.24199999999999997,0.28859913
0.244,0.28568387
0.244,0.27280673
0.244,0.27280673
0.244,0.27280673
0.244,0.27280673
0.246,0.27280673
0.244,0.2747209
0.246,0.27280673
0.246,0.2747209
0.244,0.2747209
0.244,0.27280673
0.246,0.27280673
0.296,0.2747209
0.318,0.3053249
0.314,0.3255231
0.318,0.3255231
0.32000000000000006,0.32843834
0.316,0.3556444
0.314,0.35144717
0.314,0.34131548
0.298,0.34131548
0.356,0.32111737
0.352,0.36356547
0.35,0.36696386
0.35,0.35700196
0.348,0.36987913
0.346,0.36987913
0.344,0.36987913
0.34199999999999997,0.36987913
0.34199999999999997,0.36987913
0.34,0.36987913
0.324,0.36987913
0.24199999999999997,0.36577615
0.244,0.29873097
0.24199999999999997,0.28859913
0.24,0.28568387
0.24199999999999997,0.27280673
0.244,0.27280673
0.244,0.27280673
0.24199999999999997,0.27280673
0.24199999999999997,0.27280673
0.244,0.27280673
0.246,0.27280673
0.248,0.2747209
0.246,0.2747209
0.244,0.2747209
0.24199999999999997,0.27280673
0.244,0.27280673
0.25,0.27280673
0.25,0.2747209
0.25,0.2747209
0.252,0.2747209
0.252,0.2747209
0.254,0.2747209
0.25,0.2747209
0.264,0.2747209
0.432,0.2747209
0.426,0.4293492
0.428,0.42987576
0.42999999999999994,0.43279102
0.42999999999999994,0.45396945
0.428,0.45396945
0.426,0.45505348
0.424,0.45505348
0.348,0.45505348
0.346,0.38314095
0.336,0.37926444
0.246,0.37761304
0.248,0.3017292
0.246,0.29159737
0.248,0.28759804
0.248,0.2747209
0.246,0.2747209
0.24199999999999997,0.2747209
0.238,0.27280673
0.238,0.27280673
0.236,0.27280673
0.24,0.2586265
0.24,0.27280673
0.238,0.27280673
0.244,0.27280673
0.244,0.27280673
0.244,0.27280673
0.244,0.27280673
0.244,0.27280673
0.244,0.27280673
0.244,0.27280673
0.244,0.27280673
0.238,0.27280673
0.24,0.27280673
0.24199999999999997,0.27280673
0.368,0.27280673
0.35,0.35369277
0.346,0.35408673
0.346,0.35700196
0.35,0.36987913
0.35,0.36987913
0.348,0.36987913
0.346,0.36987913
0.346,0.36987913
0.404,0.36987913
0.404,0.42938733
0.312,0.4171208
0.336,0.35144717
0.334,0.35809594
0.32000000000000006,0.36822775
0.314,0.36686024
0.312,0.3525312
0.278,0.34131548
0.238,0.3099819
0.246,0.28859913
0.248,0.28759804
0.246,0.2747209
0.24199999999999997,0.2747209
0.236,0.27280673
0.236,0.2586265
0.236,0.2586265
0.236,0.2586265
0.236,0.2586265
0.238,0.2586265
0.314,0.27280673
0.322,0.3255231
0.32000000000000006,0.33985195
0.318,0.35289904
0.32000000000000006,0.35144717
0.346,0.3556444
0.436,0.36987913
0.42999999999999994,0.468192
0.426,0.44566816
0.424,0.44566816
0.424,0.45396945
0.424,0.45396945
0.422,0.45505348
0.42,0.45505348
0.416,0.45505348
0.416,0.4372783
0.414,0.4334018
0.316,0.43054846
0.316,0.3525312
0.314,0.3423995
0.312,0.3423995
0.312,0.3423995
0.312,0.3423995
0.312,0.34131548
0.312,0.34131548
0.392,0.34131548
0.338,0.41379514
0.314,0.36822775
0.314,0.35144717
0.314,0.34131548
0.30999999999999994,0.34131548
0.308,0.33046752
0.304,0.3293835
0.24,0.3293835
0.238,0.28568387
0.24,0.28568387
0.24,0.27280673
0.238,0.27280673
0.236,0.27280673
0.234,0.2586265
0.234,0.2586265
0.344,0.2586265
0.344,0.3439549
0.34,0.35408673
0.34,0.35700196
0.34,0.36987913
0.338,0.36987913
0.336,0.36822775
0.336,0.36822775
0.332,0.36822775
0.332,0.36577615
0.334,0.36577615
0.264,0.36822775
0.238,0.3006451
0.236,0.28859913
0.234,0.2715036
0.234,0.2586265
0.236,0.2586265
0.236,0.2586265
0.234,0.2586265
0.232,0.2586265
0.232,0.2586265
0.232,0.2586265
0.234,0.2586265
0.234,0.2586265
0.24199999999999997,0.2586265
0.24199999999999997,0.27280673
0.24,0.27280673
0.24199999999999997,0.27280673
0.306,0.27280673
0.312,0.31359112
0.314,0.3255231
0.318,0.3255231
0.316,0.32843834
0.312,0.34131548
0.314,0.34131548
0.418,0.34131548
0.358,0.44028497
0.35,0.37369728
0.348,0.36987913
0.35,0.36987913
0.352,0.36987913
0.348,0.3709632
0.346,0.36987913
0.34,0.36987913
0.338,0.36987913
0.338,0.36822775
0.266,0.36822775
0.244,0.3006451
0.246,0.28859913
0.248,0.28759804
0.248,0.2747209
0.246,0.2747209
0.244,0.2747209
0.244,0.27280673
0.244,0.27280673
0.244,0.27280673
0.244,0.27280673
0.246,0.27280673
0.246,0.2747209
0.246,0.2747209
0.246,0.2747209
0.24199999999999997,0.2747209
0.24,0.27280673
0.24199999999999997,0.27280673
0.24199999999999997,0.27280673
0.24,0.27280673
0.24199999999999997,0.27280673
0.24199999999999997,0.27280673
0.24199999999999997,0.27280673
0.24199999999999997,0.27280673
0.278,0.27280673
0.3539999999999999,0.29418948
0.35,0.3439549
0.428,0.35408673
0.422,0.4423963
0.422,0.44566816
0.42,0.44566816
0.416,0.45396945
0.416,0.43619427
0.40800000000000003,0.4334018
0.40800000000000003,0.4265061
0.3539999999999999,0.41820484
0.24,0.3709632
0.24,0.29981503
0.24199999999999997,0.2896832
0.24199999999999997,0.28676796
0.24199999999999997,0.2738908
0.24199999999999997,0.27280673
0.238,0.27280673
0.236,0.27280673
0.236,0.2586265
0.24,0.2586265
0.24,0.27280673
0.24199999999999997,0.27280673
0.236,0.27280673
0.236,0.2586265
0.238,0.2586265
0.238,0.27280673
0.238,0.27280673
0.236,0.27280673
0.236,0.2586265
0.256,0.2586265
0.374,0.2747209
3.4079999999999995,0.3724369
4.656,3.8966498
3.624,2.8747077
1.764,2.691728
1.722,1.5025654
3.064,2.0056608
1.32,3.2320714
0.546,1.4588537
0.6400000000000001,1.4885896
0.644,0.9857305
0.642,0.96253616
0.642,0.86119294
0.644,0.6565411
0.666,0.7720027
0.636,0.6884861
0.616,0.70302904
0.608,0.7230224
0.598,0.61699384
0.602,0.5749703
0.602,0.5915972
0.6,0.61579216
0.602,0.60994804
0.546,0.5893162
0.532,0.571835
0.526,0.5584004
0.616,0.5490243
0.616,0.617558
0.618,0.6185752
0.6099999999999999,0.6345155
0.6,0.6207633
0.628,0.59281445
0.636,0.6399733
0.636,0.6399733
0.628,0.64155304
0.6199999999999999,0.6399733
0.618,0.61952907
0.634,0.61952907
0.696,0.6399733
0.768,0.7208887
0.7920000000000001,0.73329407
0.784,0.82484424
0.788,0.7862044
0.786,0.78215724
0.78,0.7967176
0.818,0.7967176
1.8579999999999999,0.7981285
1.96,1.6711413
1.884,1.4419609
1.842,1.5506811
1.872,1.742486
3.6799999999999997,1.7642838
3.33,3.583044
3.272,3.2466376
3.193999999999999,3.1605823
3.1419999999999995,3.105533
3.1639999999999997,3.1212082
3.174,3.159043
3.184,3.1462128
3.2439999999999993,3.1051698
3.2299999999999995,3.1161714
3.22,3.096662
3.136,3.1116617
3.273999999999999,3.121395
4.578,3.3275833
4.5280000000000005,4.277998
2.1,4.2999163
2.424,2.6291926
2.6619999999999995,2.8470213
2.36,2.9480555
2.236,2.5227659
2.208,2.402023
2.168,2.33035
1.646,2.4151745
1.582,1.902661
1.5,1.8430223
1.48,1.8071926
1.474,1.690772
2.132,1.5411674
3.768,1.764021
3.734,3.5900037
3.7059999999999995,3.5579646
3.6699999999999995,3.5333347
3.6839999999999997,3.4951074
3.654,3.648165
3.596,3.6033342
3.565999999999999,3.5814185
3.542,3.5820706
3.5219999999999994,3.6117606
3.548,3.551159
3.552,3.5052917
3.5599999999999996,3.4924808
3.586,3.4403198
3.592,3.4317207
1.438,3.4600658
1.372,1.8534452
1.558,2.0440936
1.38,1.8162813
1.384,1.5759088
1.378,1.435184
1.418,1.3447151
1.448,1.5337408
1.442,1.5291857
1.448,1.4272869
1.45,1.4571353
1.444,1.4596605
1.44,1.4603192
1.496,1.4603128
1.556,1.465641
1.492,1.537016
1.478,1.4765097
1.472,1.5011778
1.458,1.4885648
1.464,1.4996578
1.44,1.4673228
1.418,1.4673228
1.42,1.4546396
1.4,1.4646816
1.396,1.4320899
1.43,1.4491835
1.38,1.4439983
1.37,1.3700943
1.35,1.3823743
1.3479999999999999,1.3501313
1.352,1.3540816
1.362,1.3501313
1.382,1.3585424
1.338,1.3585424
1.372,1.340159
2.5819999999999994,1.3685147
3.58,2.4536974
3.574,3.4832463
3.5719999999999996,3.521529
3.5899999999999994,3.5941896
3.62,3.6333477
3.6039999999999996,3.685636
3.5999999999999996,3.6126008
3.6119999999999997,3.6252916
3.628,3.6276677
3.632,3.6311934
3.6379999999999995,3.614449
2.9159999999999995,3.614449
2.7039999999999997,2.7380476
0.85,2.8279269
0.414,0.9620873
0.414,1.7214477
0.418,1.1996173
0.434,0.8026554
0.412,0.8385106
0.406,0.48249006
0.38,0.4286163
0.332,0.41591164
0.33,0.38828725
0.322,0.39127555
0.262,0.40150338
0.234,0.42813206
0.246,0.3872475
0.268,0.41951218
0.238,0.33553943
0.24,0.31313843
0.234,0.30788374
0.232,0.28351992
0.234,0.2561826
0.236,0.27667958
0.236,0.27667958
0.234,0.27667958
0.228,0.2818504
0.228,0.27574328
0.234,0.27897713
0.232,0.27897713
0.232,0.27897713
0.23,0.2586265
0.228,0.2586265
0.234,0.2586265
0.236,0.2586265
0.234,0.2586265
0.232,0.2586265
0.3539999999999999,0.2586265
0.334,0.3439549
0.334,0.35243535
0.334,0.35535058
0.33,0.36822775
0.33,0.36577615
0.406,0.36577615
0.398,0.42938733
0.404,0.41166043
0.402,0.4171208
0.402,0.4171208
0.38599999999999995,0.4171208
0.3,0.41274452
0.294,0.33233324
0.284,0.3222014
0.232,0.31928617
0.232,0.25971055
0.232,0.25971055
0.308,0.2586265
0.30999999999999994,0.31359112
0.30999999999999994,0.31359112
0.312,0.31359112
0.312,0.34131548
0.312,0.34131548
0.308,0.34131548
0.306,0.3293835
0.314,0.3293835
0.314,0.33840021
0.312,0.33840021
0.314,0.32843834
0.308,0.34131548
0.306,0.3293835
0.312,0.3293835
0.30999999999999994,0.33840021
0.39,0.32646823
0.418,0.40091798
0.40800000000000003,0.42401654
0.404,0.4171208
0.41,0.4171208
0.41,0.4171208
0.40800000000000003,0.41820484
0.402,0.41820484
0.392,0.41820484
0.392,0.41274452
0.358,0.41274452
0.324,0.3747813
0.256,0.36686024
0.286,0.3017292
0.3,0.3222014
0.308,0.31928617
0.30999999999999994,0.31359112
0.308,0.31359112
0.304,0.31359112
0.298,0.3293835
0.292,0.3182021
0.294,0.3182021
0.23,0.3053249
0.228,0.2586265
0.228,0.2586265
0.23,0.2586265
0.224,0.2586265
0.224,0.2586265
0.232,0.2586265
0.232,0.2586265
0.232,0.2586265
0.226,0.2586265
0.222,0.2586265
0.23,0.2586265
0.232,0.2586265
0.35,0.2586265
0.34,0.3439549
0.334,0.35408673
0.332,0.35535058
0.338,0.36577615
0.336,0.36822775
0.334,0.36822775
0.334,0.36822775
0.324,0.36822775
0.326,0.36577615
0.332,0.36577615
0.328,0.36577615
0.232,0.36577615
0.228,0.28455064
0.222,0.27441886
0.226,0.2715036
0.23,0.2586265
0.232,0.2586265
0.232,0.2586265
0.248,0.2586265
0.302,0.2747209
0.306,0.3053249
0.308,0.31359112
0.306,0.31359112
0.306,0.31359112
0.304,0.31359112
0.298,0.32646823
0.296,0.3053249
0.264,0.3053249
0.23,0.2747209
0.228,0.2586265
0.222,0.2586265
0.218,0.2586265
0.224,0.2586265
0.276,0.2586265
0.336,0.29418948
0.336,0.3423035
0.328,0.35243535
0.326,0.35289904
0.33,0.36577615
0.328,0.36577615
0.328,0.36577615
0.322,0.36577615
0.314,0.36577615
0.316,0.35144717
0.322,0.34131548
0.294,0.3556444
0.228,0.33124918
0.228,0.27441886
0.222,0.2715036
0.22000000000000003,0.2586265
0.228,0.2586265
0.228,0.2586265
0.226,0.2586265
0.226,0.2586265
0.224,0.2586265
0.226,0.2586265
0.228,0.2586265
0.228,0.2586265
0.228,0.2586265
0.226,0.2586265
0.306,0.2586265
0.3,0.31359112
0.308,0.3053249
0.306,0.31359112
0.306,0.31359112
0.298,0.31359112
0.294,0.3182021
0.296,0.3053249
0.362,0.3053249
0.338,0.34777305
0.332,0.35243535
0.326,0.35289904
0.326,0.36577615
0.33,0.36577615
0.332,0.36577615
0.328,0.36577615
0.326,0.36577615
0.322,0.36577615
0.314,0.36577615
0.32000000000000006,0.35144717
0.26,0.3556444
0.232,0.3006451
0.23,0.27441886
0.224,0.2715036
0.226,0.2586265
0.232,0.2586265
0.23,0.2586265
0.228,0.2586265
0.228,0.2586265
0.222,0.2586265
0.226,0.2586265
0.232,0.2586265
0.232,0.2586265
0.232,0.2586265
0.23,0.2586265
0.22000000000000003,0.2586265
0.218,0.2586265
0.226,0.2586265
0.228,0.2586265
0.23,0.2586265
0.246,0.2586265
0.3,0.2747209
0.35,0.3053249
0.418,0.3439549
0.414,0.4217058
0.41,0.40828592
0.404,0.4171208
0.398,0.4171208
0.406,0.41166043
0.376,0.41820484
0.332,0.39569655
0.434,0.36686024
0.69,0.46927604
0.678,0.75462073
0.656,0.7541448
0.594,0.6875607
0.594,0.6541666
0.682,0.6203316
0.67,0.74675167
0.672,0.66863245
0.68,0.66863245
0.678,0.73329407
0.6839999999999999,0.73329407
0.678,0.73329407
0.6739999999999999,0.73329407
0.664,0.6523786
0.678,0.6523786
0.676,0.73329407
0.68,0.6717032
0.672,0.73636484
0.67,0.6554494
0.6739999999999999,0.6523786
0.6739999999999999,0.6523786
0.67,0.6554494
0.664,0.6554494
0.656,0.6554494
0.658,0.6554494
0.76,0.6554494
0.762,0.73636484
0.7719999999999999,0.73636484
0.764,0.7429387
0.754,0.7429387
0.832,0.757499
0.784,0.8171191
0.762,0.79994285
0.76,0.7682948
0.754,0.7534519
0.754,0.757499
0.76,0.757499
0.7,0.757499
0.662,0.757499
0.59,0.6841778
0.59,0.6320991
0.58,0.61969376
0.58,0.5842494
0.582,0.5842494
0.432,0.5842494
0.262,0.5416108
0.34199999999999997,0.33819726
0.33,0.38431406
0.806,0.37531698
1.472,1.015142
1.46,1.575469
1.4460000000000002,1.2560567
1.4259999999999997,1.2625995
1.424,1.4238678
1.454,1.4581673
1.678,1.4636662
1.696,1.5479879
1.684,1.5936792
1.676,1.6062948
1.7,1.6213676
1.92,1.695032
2.034,1.8693553
4.592,1.924799
4.773999999999999,4.016099
2.292,3.9837415
2.17,2.2801108
2.186,2.53461
2.06,2.3563652
2.8579999999999997,2.3249695
2.6599999999999997,2.781452
2.384,2.512428
2.7379999999999995,2.2949271
1.804,2.578732
1.79,1.952097
1.8,2.1081734
1.8,1.8443224
1.764,1.8170472
1.5740000000000003,1.7620174
1.52,1.6513664
1.506,1.6653436
1.492,1.6181532
1.482,1.5834664
1.49,1.5402832
1.49,1.485896
1.506,1.4897443
1.508,1.4949164
1.496,1.4977325
1.498,1.4822963
1.502,1.4794142
1.472,1.4766903
1.472,1.4760946
1.488,1.474843
1.488,1.4772701
1.496,1.4795636
1.568,1.4717375
1.606,1.5515167
1.608,1.5454096
1.606,1.5780836
1.596,1.5970323
1.602,1.6324164
1.572,1.6324164
1.518,1.6324164
1.51,1.5727754
1.5640000000000003,1.5727754
1.586,1.6232486
1.592,1.612126
1.5840000000000003,1.5955238
1.526,1.6066463
1.518,1.5823895
1.598,1.5727754
1.5940000000000003,1.6136345
1.592,1.6136345
1.588,1.5859097
1.592,1.5970323
1.598,1.6420305
1.586,1.6324164
1.5840000000000003,1.6324164
1.5740000000000003,1.6324164
1.502,1.6420305
1.502,1.5622512
1.502,1.5622512
1.512,1.5231969
1.51,1.5418267
1.506,1.5064427
1.514,1.5074869
1.52,1.5074869
1.514,1.5074869
1.51,1.5074869
1.528,1.5074869
1.614,1.5186095
1.614,1.567128
1.61,1.567128
1.602,1.6172525
1.61,1.6172525
1.606,1.6324164
1.604,1.6324164
1.606,1.6324164
1.602,1.6324164
1.604,1.6420305
1.598,1.6420305
1.602,1.6420305
1.53,1.6420305
1.62,1.5823895
1.622,1.6420305
1.616,1.6232486
1.614,1.6622506
1.614,1.6268666
1.606,1.6622506
1.608,1.6622506
1.638,1.6622506
1.682,1.6399525
1.728,1.6658201
1.756,1.731454
1.628,1.7320969
1.596,1.6704298
1.588,1.6704298
1.59,1.6622506
1.57,1.6474848
1.53,1.6420305
1.492,1.5823895
1.486,1.5622512
1.492,1.5434694
1.492,1.532811
1.568,1.4863044
1.562,1.5486435
1.518,1.550344
1.518,1.5184427
1.52,1.5295653
1.516,1.5539936
1.522,1.5319958
1.61,1.5074869
1.604,1.5782504
1.598,1.567128
1.592,1.5970323
1.588,1.5970323
1.51,1.6324164
1.48,1.5727754
1.484,1.5526372
1.482,1.5338553
1.484,1.5216885
1.486,1.4863044
1.49,1.4784784
1.504,1.4784784
1.496,1.4890025
1.506,1.4688643
1.516,1.4996608
1.51,1.4890025
1.504,1.5074869
1.51,1.5074869
1.578,1.5074869
1.5740000000000003,1.567128
1.572,1.567128
1.5740000000000003,1.5859097
1.5640000000000003,1.5970323
1.5640000000000003,1.6324164
1.572,1.6324164
1.514,1.6324164
1.4560000000000002,1.5727754
1.562,1.5505159
1.55,1.6034275
1.538,1.58394
1.532,1.5262688
1.518,1.5295653
1.514,1.5431184
1.522,1.5431184
1.522,1.5186095
1.522,1.5074869
1.512,1.5074869
1.52,1.5186095
1.506,1.5186095
1.412,1.5186095
1.41,1.4725442
1.394,1.4772108
1.388,1.4415702
1.39,1.4248927
1.4,1.4131162
1.4,1.4297937
1.39,1.4297937
1.394,1.4131162
1.402,1.4297937
1.4059999999999997,1.4297937
1.4059999999999997,1.4297937
1.69,1.4297937
1.748,1.5523297
1.808,1.6136168
1.794,1.7626373
1.796,1.7237388
1.788,1.8272343
1.792,1.7826676
1.8479999999999999,1.7826676
1.876,1.8360738
1.892,1.8360738
1.88,1.8985549
1.998,1.852664
1.972,1.9615709
1.948,1.9398451
1.944,1.9405723
2.4339999999999997,1.9137803
2.152,2.0846262
1.872,1.9490579
1.878,1.9401522
2.246,1.9099156
2.692,2.2006505
1.852,2.5594275
1.864,1.6711433
1.928,1.8882377
1.928,2.0445178
1.7800000000000002,1.9971089
1.764,1.7161716
1.752,1.686795
1.658,1.7699059
1.746,1.7006735
1.774,1.7162814
1.7800000000000002,1.7410226
2.078,1.7382385
2.112,1.8995415
2.098,1.9221679
2.094,2.0002322
2.124,1.9964435
2.074,2.117516
2.106,2.1151066
2.064,2.1395254
2.064,2.0939183
2.06,2.1324856
2.076,2.0894055
2.178,2.09997
2.2840000000000003,2.1292996
2.414,2.1123488
3.134,2.1812093
3.6339999999999995,2.9434876
3.6779999999999995,3.4881227
3.6399999999999997,3.5775511
3.61,3.6093082
3.6019999999999994,3.525304
3.5979999999999994,3.567238
3.618,3.5587242
3.622,3.5612557
3.645999999999999,3.5687914
2.316,3.6058571
2.372,2.588769
2.378,2.820852
2.356,2.5418699
2.366,2.4633026
2.402,2.4194777
2.362,2.2503214
2.358,2.3565784
2.364,2.3600953
2.37,2.3052053
2.372,2.3206728
2.378,2.3042037
2.428,2.3209844
3.694,2.3670747
3.702,3.565415
3.162,3.6574051
2.044,2.7692363
1.71,2.5963426
1.724,2.4082675
1.656,2.1597807
1.662,1.8981477
1.66,1.8466779
1.664,1.5901784
1.4359999999999997,1.6870886
1.754,1.6888275
1.676,1.7639608
1.536,1.6522946
1.9059999999999997,1.6064256
2.152,1.8154072
2.2539999999999996,1.9422202
2.28,2.030793
3.024,1.926978
2.792,2.880315
2.348,2.7391312
2.338,2.3701031
2.5699999999999994,2.349696
2.842,2.5582802
2.976,2.8481052
2.988,2.713082
2.78,2.84812
2.948,2.7613206
2.788,2.849855
2.861999999999999,2.7345252
2.838,2.852632
2.8319999999999994,2.827152
2.4779999999999998,2.8478217
2.87,2.5402117
2.7679999999999993,2.870621
2.6619999999999995,2.7499392
2.488,2.722074
2.5200000000000005,2.5323322
2.156,2.4953694
2.108,2.4047034
2.062,2.3958867
2.07,2.2487118
1.972,2.227424
2.208,2.0519736
2.218,2.153761
2.824,2.1659267
2.788,2.68618
2.422,2.5692909
2.444,2.3402383
2.328,2.3459857
2.498,2.351406
2.59,2.4908075
2.5839999999999996,2.593037
2.604,2.562226
2.838,2.6228845
2.9119999999999995,2.8225036
2.927999999999999,2.81147
2.904,2.81147
2.842,2.7972476
2.856,2.812655
4.84,2.8585856
5.428,4.7540693
5.384,4.843525
5.388,5.073354
5.342,5.149147
5.378,5.1200805
5.4,5.0678325
5.348,5.070053
5.324,5.087013
5.362,4.97831
5.388,5.054459
3.7499999999999996,5.1268883
3.202,3.787933
2.904,3.5238848
2.834,3.201685
2.8499999999999996,3.0508842
2.851999999999999,2.8702028
2.866,2.8629308
2.332,2.933532
1.878,2.5508854
1.862,2.367257
1.832,2.3097672
1.846,2.1232061
1.838,2.079029
1.776,1.7869542
1.772,1.7587317
1.768,1.7554561
1.758,1.7647425
1.872,1.7208414
1.984,1.810919
1.934,1.8729984
1.95,1.8663415
1.93,1.9038727
1.728,1.9015257
1.708,1.811032
1.69,1.7662172
1.982,1.7288798
2.004,1.9191854
2.01,1.8965477
2.002,1.9117697
1.98,1.8933158
2.058,1.9184676
2.064,1.9964857
2.078,2.0073104
2.234,2.0088074
2.194,2.0109835
2.166,2.1284196
2.194,2.1833632
2.186,2.196749
2.156,2.1782207
2.102,2.1755667
2.09,2.1965604
3.316,2.178577
3.804,3.1752524
3.97,3.724533
4.098,3.7349977
4.074,3.9267519
3.104,3.8749955
3.751999999999999,2.708471
3.964,3.6946836
3.62,3.766128
2.988,3.4222305
3.0739999999999994,2.8396647
3.166,3.1254206
2.665999999999999,3.1430104
3.096,2.9038265
3.565999999999999,3.1516018
1.624,3.484389
1.732,2.077945
2.9959999999999996,2.5220492
3.028,2.9690297
1.824,2.9043221
1.634,1.8969053
1.63,1.7463063
1.64,1.9669256
1.688,1.9626088
3.0839999999999996,1.6813475
3.1159999999999997,2.5556865
2.352,2.7248387
2.83,2.1837971
2.572,2.648785
2.8859999999999997,2.5877569
2.988,2.7741687
1.638,2.6576846
1.604,1.8510504
1.6,2.2580464
1.598,1.957391
1.6,1.8139322
1.596,1.6655922
1.52,1.5797845
1.512,1.6053019
1.516,1.5964397
1.494,1.5193676
1.504,1.5310292
1.508,1.5159022
1.438,1.495845
1.42,1.4885001
1.422,1.4957635
1.42,1.4662194
1.428,1.4744066
1.432,1.4646816
1.4359999999999997,1.4607313
1.4259999999999997,1.4588606
1.4259999999999997,1.4607313
1.432,1.4646816
1.43,1.4646816
1.442,1.4646816
1.452,1.4572654
1.444,1.4604993
1.442,1.4644495
1.462,1.4644495
1.542,1.4644495
1.5439999999999998,1.5384364
1.712,1.5407299
1.694,1.6336453
1.964,1.6447678
2.6499999999999995,1.8976897
2.674,2.5734622
2.684,2.6922638
2.984,2.682133
4.438,2.8902354
6.386,4.3707023
4.974,5.7561684
6.376000000000001,4.8962164
7.062,5.8600893
8.088,6.782353
7.906,6.832254
7.376,6.8927784
7.23,6.920027
7.184,7.033145
7.248,6.994966
7.352,7.063245
7.21,7.0038304
7.16,6.9944444
9.048,6.9953256
9.108,6.957334
9.132,6.628083
9.118,6.4091134
9.088,6.3029056
8.046,6.4683523
7.040000000000001,6.4215026
7.864000000000001,6.4247627
5.714,6.255378
6.773999999999999,5.5075097
7.124,5.9642878
6.674,6.0674825
5.098,5.0702333
4.904,4.866881
4.143999999999999,5.1690345
3.702,4.1623425
4.547999999999999,3.8540342
3.379999999999999,4.4566617
4.806,3.6255405
4.146,4.9346924
3.6339999999999995,3.8184075
4.301999999999999,3.6660814
4.298,4.2049303
3.216,4.0446324
3.3019999999999996,3.1341515
3.6779999999999995,3.656567
3.7260000000000004,3.8710914
3.3719999999999994,3.8269086
3.384,3.4942927
3.3679999999999994,3.6891603
3.394,3.5959527
3.1459999999999995,3.4398122
3.1,2.975731
3.0439999999999996,3.214048
2.9999999999999996,3.1211522
3.05,3.043696
2.8899999999999997,3.1142304
2.8799999999999994,2.9935663
2.838,2.9558678
2.79,2.928291
2.7959999999999994,2.8376324
2.771999999999999,2.8788955
1.88,2.786777
1.702,2.3053272
1.7500000000000002,2.1983154
3.1859999999999995,2.0587535
3.9939999999999998,3.0518131
3.987999999999999,3.8019114
3.9899999999999998,3.738855
3.968,3.7791324
3.956,3.8294199
3.924,3.785056
3.9319999999999995,3.7327745
3.926,3.7635832
4.062,3.8073385
4.022,3.9523008
4.034,3.914732
3.9979999999999993,3.8754401
4.075999999999999,3.7946074
2.116,3.8219266
1.804,2.4967847
1.784,2.3945942
1.814,2.148771
1.838,2.1476521
1.866,2.1170144
1.87,1.7558335
1.8479999999999999,1.8803415
1.834,1.8560249
1.7600000000000002,1.788438
1.774,1.7544646
1.738,1.7641343
1.704,1.7595689
1.7700000000000002,1.7252027
1.712,1.7559582
1.7199999999999998,1.7345586
2.4759999999999995,1.7521845
3.704,2.0765588
3.174,3.5551887
3.7579999999999996,2.772375
3.586,3.6715975
3.772,3.5207078
3.6779999999999995,3.8700242
3.69,3.5672185
3.7759999999999994,3.5734677
3.7759999999999994,3.7931876
3.7939999999999996,3.7991178
3.801999999999999,3.7795775
3.756,3.7858546
3.822,3.6398933
3.8339999999999996,3.6878495
3.836,3.6837738
3.9079999999999995,3.69076
3.9120000000000004,3.7243686
3.8999999999999995,3.7243686
3.81,3.71772
3.9019999999999997,3.7085414
3.987999999999999,3.71772
3.9899999999999998,3.7694173
3.8739999999999997,3.7899172
3.8819999999999992,3.750487
3.938,3.7415926
3.9499999999999997,3.755319
3.916,3.7679179
3.4119999999999995,3.7721207
2.492,3.1741092
2.82,2.8050227
3.398,3.2769866
3.3679999999999994,3.3574405
3.308,3.3955686
2.044,3.358835
3.1,2.6775765
3.2959999999999994,3.192693
3.2919999999999994,3.3173938
2.092,3.2325208
2.918,2.6547256
3.2039999999999993,2.9452147
2.268,3.081737
2.6899999999999995,2.6689322
2.914,2.7722588
2.06,2.791599
3.1639999999999997,2.4798248
1.94,3.0685809
3.242,2.0271306
2.536,3.01735
2.3540000000000005,2.620738
3.238,2.5556748
3.13,2.9565647
3.504,2.930759
3.212,3.366589
2.3540000000000005,2.7228045
2.479999999999999,2.4752846
2.024,2.930019
3.5599999999999996,2.3079965
3.272,3.4977436
3.2559999999999993,3.144065
3.1779999999999995,3.083179
3.134,3.067867
2.914,3.0585923
1.068,2.9345105
0.842,1.4682387
0.79,1.8572884
0.692,1.5367583
0.714,1.4637256
2.234,1.082952
2.864,1.7718618
2.042,2.5949328
0.794,1.7546304
0.764,1.5141658
0.788,1.5978916
1.986,1.1052079
2.634,1.9831264
0.926,2.2405422
1.536,1.364806
2.6,2.2468102
2.576,2.2347357
1.9460000000000002,2.4506807
0.412,1.4939362
1.378,1.8217452
2.5399999999999996,2.2473216
0.48399999999999993,2.5343726
1.262,1.3397135
2.408,1.8781816
0.474,1.627098
1.006,1.5546609
2.4379999999999997,1.946294
0.82,1.3944426
0.6199999999999999,1.3749312
2.5379999999999994,1.8347847
1.334,1.7954614
0.496,1.020071
2.4779999999999998,2.2120168
1.352,1.6298107
0.7079999999999999,0.74644285
2.524,2.1281476
1.108,1.7065241
0.682,0.9357518
2.494,2.216849
1.184,1.5333711
0.586,1.0198859
2.392,2.1833854
1.148,1.4647057
0.266,0.9564317
2.332,2.1983764
1.388,1.5609049
0.252,0.92023444
2.424,2.1566355
1.314,1.6527525
0.546,0.8824233
2.47,2.20646
1.058,1.5712291
0.908,0.96313757
2.4779999999999998,2.2966082
0.634,1.5975245
1.278,1.2824085
2.4899999999999993,2.2386227
0.30999999999999994,1.5227197
1.55,1.7073963
2.5799999999999996,2.2132337
0.476,1.8948029
1.576,1.7081752
2.6199999999999997,2.1679153
0.678,1.8232665
1.602,1.6281896
2.71,2.1173036
0.658,1.9361092
1.37,1.6379986
2.5339999999999994,2.043537
0.532,1.5042733
1.376,1.6828966
2.398,2.1257997
0.366,1.1228224
1.86,1.4919434
2.14,2.1714628
0.348,1.1304977
1.99,1.9092175
1.798,2.125295
0.27,0.8414411
2.018,2.1337523
1.65,1.927135
0.246,0.8612356
2.224,1.9776231
1.45,1.8025988
0.258,1.021114
2.138,1.9197628
1.502,1.8813479
0.246,1.0438595
2.302,1.8323286
1.568,1.7330114
0.226,0.8555226
2.238,1.87519
1.646,1.9191271
0.32000000000000006,0.8966761
2.002,1.9227368
2.104,1.8812419
0.3,1.2490734
1.794,1.8130995
2.412,2.0232723
0.366,1.306377
0.936,1.6072367
2.4719999999999995,1.9719834
0.992,1.6627103
0.814,1.3270906
2.4759999999999995,2.0680823
1.182,1.3643689
0.5,0.9142396
2.4899999999999993,2.1377354
1.172,1.4737929
0.584,0.9001434
2.462,2.1535504
1.408,1.5186918
0.324,0.86445224
2.8039999999999994,2.2072408
2.6939999999999995,2.517477
1.386,1.9957248
3.3819999999999997,1.5269189
2.554,2.4514987
1.418,1.7715356
3.4879999999999995,2.1568983
2.602,2.4469502
1.408,1.9000406
3.516,2.3040183
2.3740000000000006,2.961457
1.712,1.7665316
3.4539999999999997,2.4502165
2.342,2.8035173
1.646,1.7939547
3.4439999999999995,2.25017
2.228,2.7867622
1.82,2.0592358
3.4619999999999997,2.584923
2.098,2.7540185
1.896,2.0532496
3.478,2.582577
2.19,2.7472491
1.928,2.1380236
3.525999999999999,2.621559
2.106,2.7261086
2.092,2.2045228
3.658,2.852704
2.27,3.1039271
1.782,2.1617844
2.532,2.7202146
1.356,2.3190436
0.466,1.6941243
2.555999999999999,2.1781843
1.532,2.0722728
0.49,1.2729086
2.42,2.3193467
2.545999999999999,1.6916131
0.348,2.1186244
1.582,1.7798283
2.526,1.9727926
0.7179999999999999,1.8391682
1.276,1.5623994
2.488,1.8468472
0.944,1.5711174
1.314,1.5231266
2.522,2.0876727
0.812,1.3675301
1.268,1.2793181
2.4899999999999993,2.2081537
0.856,1.3648199
1.362,1.3178272
2.5119999999999996,2.1755943
0.732,1.4712741
1.61,1.3445945
2.4499999999999993,2.2353415
0.286,1.1803309
1.806,1.5851998
2.439999999999999,2.3261323
2.424,1.1351749
2.444,1.8869419
2.4499999999999993,1.8853014
2.4639999999999995,1.3577992
2.564,2.136546
2.5399999999999996,2.4877687
2.555999999999999,2.1237762
2.5379999999999994,2.339652
2.6359999999999992,2.529681
2.5739999999999994,2.5956013
2.6179999999999994,2.3928006
2.6099999999999994,2.6119452
2.6279999999999997,2.569511
2.598,2.4969714
2.6279999999999997,2.6163325
2.5779999999999994,2.6324568
2.466,2.5676422
2.4359999999999995,2.4459472
2.4459999999999997,2.3665843
2.428,2.402016
2.444,2.3980892
2.414,2.3867831
2.426,2.337121
2.416,2.4019117
2.4379999999999997,2.1865926
2.42,2.385787
2.43,2.3698287
2.424,2.3870459
2.4319999999999995,2.3637006
2.408,2.4008393
2.424,2.3750486
2.4,2.3750486
2.4339999999999997,2.3750486
2.448,2.4008393
2.4459999999999997,2.4008393
2.456,2.4008393
2.4359999999999995,2.4311187
2.4339999999999997,2.4054334
2.4,2.4054334
2.414,2.3750486
2.396,2.3750486
2.5119999999999996,2.3750486
2.526,2.4746304
2.532,2.4818718
2.528,2.4916513
2.5479999999999996,2.4916513
2.5119999999999996,2.5407586
2.5200000000000005,2.48441
2.494,2.4755206
2.5200000000000005,2.469792
2.5019999999999993,2.48444
2.528,2.4750073
2.51,2.4916813
2.466,2.4896252
2.488,2.453334
2.741999999999999,2.472233
2.5919999999999996,2.686209
2.498,2.6022995
2.4639999999999995,2.473714
2.4599999999999995,2.448343
2.43,2.4335601
2.4459999999999997,2.4052525
2.386,2.4009416
2.398,2.3774896
2.4,2.3859067
2.384,2.3737855
2.392,2.3706114
2.452,2.3469727
2.4319999999999995,2.398065
2.368,2.398065
2.4,2.344642
2.392,2.3750486
2.398,2.3750486
2.364,2.3750486
2.384,2.3400476
2.364,2.3691003
2.388,2.3691003
2.372,2.3750486
2.418,2.3400476
2.4819999999999998,2.3498597
2.4999999999999996,2.4209917
2.4739999999999998,2.440826
2.479999999999999,2.4257035
2.462,2.454639
2.492,2.434983
2.4639999999999995,2.469792
2.479999999999999,2.434983
2.466,2.458503
2.488,2.4599724
2.4679999999999995,2.475167
2.496,2.4510527
2.378,2.471303
2.392,2.36999
2.39,2.3765092
2.386,2.3750486
2.396,2.3802638
2.386,2.3422916
2.404,2.374689
2.356,2.3469727
2.372,2.3443692
2.4,2.365396
2.466,2.3469727
2.4599999999999995,2.4425945
2.4859999999999998,2.3937674
2.4419999999999997,2.4408987
2.452,2.4092975
2.4359999999999995,2.4092975
2.452,2.4047031
2.386,2.4054334
2.378,2.3789127
2.378,2.3736947
2.414,2.3691003
2.39,2.3841279
2.39,2.350677
2.392,2.3459961
2.414,2.3459961
2.524,2.3750486
2.514,2.4575
2.4899999999999993,2.4517395
2.5079999999999996,2.4660878
2.4999999999999996,2.4755206
2.51,2.4699519
2.479999999999999,2.4775138
2.496,2.454799
2.479999999999999,2.4660878
2.479999999999999,2.460014
2.5200000000000005,2.460014
2.5019999999999993,2.4845998
2.4499999999999993,2.4750073
2.4719999999999995,2.4078746
2.4899999999999993,2.453334
2.462,2.4750073
2.484,2.4335601
2.47,2.472233
2.4779999999999998,2.453334
2.4379999999999997,2.45615
2.456,2.4069448
2.4339999999999997,2.4274144
2.462,2.397135
2.452,2.4298553
2.4719999999999995,2.3943605
2.458,2.4524043
2.4819999999999998,2.4274144
2.452,2.4598544
2.47,2.4054334
2.4459999999999997,2.450893
2.4739999999999998,2.4054334
2.498,2.450893
2.5519999999999996,2.469792
2.5200000000000005,2.5355732
2.5479999999999996,2.48441
2.5339999999999994,2.5407887
2.55,2.4916513
2.5839999999999996,2.5407586
2.638,2.5848334
2.528,2.6435826
2.4739999999999998,2.496867
2.4859999999999998,2.4612935
2.4599999999999995,2.4750073
2.4719999999999995,2.4363344
2.439999999999999,2.4543905
2.4639999999999995,2.406157
2.448,2.4335601
2.4639999999999995,2.407103
2.448,2.4335601
2.4379999999999997,2.4026592
2.342,2.4078746
2.352,2.3709204
2.328,2.3663259
2.342,2.3691003
2.338,2.3691003
2.366,2.3381457
2.316,2.3400476
2.344,2.3330472
2.342,2.3400476
2.372,2.3345392
2.348,2.326838
2.3540000000000005,2.3324692
2.34,2.3400476
2.3540000000000005,2.3400476
2.34,2.3400476
2.358,2.3400476
2.356,2.3400476
2.378,2.3400476
2.35,2.3400476
2.332,2.3400476
2.324,2.3400476
2.282,2.3400476
2.296,2.2943127
2.288,2.3360229
2.316,2.3134882
2.342,2.302594
2.4319999999999995,2.2746975
2.418,2.322505
2.4759999999999995,2.3094532
2.492,2.4101465
2.5119999999999996,2.4263263
2.4899999999999993,2.4749823
2.5200000000000005,2.4655495
2.4999999999999996,2.4793847
2.522,2.468081
2.5079999999999996,2.4847555
2.5039999999999996,2.4826992
2.406,2.4732964
2.35,2.3831472
2.316,2.3733351
2.34,2.36174
2.308,2.3706114
2.328,2.3191614
2.352,2.3254979
2.39,2.3091366
2.3540000000000005,2.3144844
2.366,2.3055959
2.364,2.3263228
2.4,2.3256624
2.39,2.3423278
2.386,2.3373146
2.394,2.34371
2.3740000000000006,2.34371
2.3740000000000006,2.3691003
2.3740000000000006,2.3447287
2.404,2.3447287
2.396,2.3789127
2.424,2.3498597
2.4,2.3498597
2.426,2.3498597
2.408,2.4047031
2.416,2.3750486
2.394,2.3770418
2.4859999999999998,2.3710058
2.5119999999999996,2.4596226
2.5399999999999996,2.4668832
2.518,2.527826
2.522,2.4826992
2.4779999999999998,2.482762
2.479999999999999,2.4542494
2.47,2.443873
2.498,2.4453182
2.496,2.471303
2.5159999999999996,2.471303
2.5200000000000005,2.4807358
2.4899999999999993,2.4807358
2.4319999999999995,2.471303
2.4719999999999995,2.4041703
2.444,2.4496298
2.462,2.3943605
2.462,2.4298553
2.4719999999999995,2.4280355
2.492,2.4524043
2.4739999999999998,2.471303
2.47,2.4561083
2.3740000000000006,2.4471889
2.394,2.3709204
2.378,2.3731642
2.368,2.3691003
2.364,2.365396
2.366,2.3400476
2.376,2.3743155
2.364,2.3400476
2.356,2.3400476
2.386,2.3400476
2.378,2.3459961
2.382,2.3400476
2.384,2.3400476
2.378,2.3400476
2.3740000000000006,2.3447287
2.3740000000000006,2.3400476
2.47,2.3400476
2.479999999999999,2.4211092
2.47,2.4248552
2.4679999999999995,2.4257035
2.4679999999999995,2.426164
2.466,2.4547567
2.4719999999999995,2.4547567
2.466,2.4547567
2.479999999999999,2.4547567
2.47,2.458503
2.462,2.4599724
2.444,2.4294078
2.394,2.4037225
2.328,2.374068
2.31,2.365396
2.296,2.3124542
2.29,2.3541641
2.308,2.340586
2.33,2.285878
2.35,2.2806935
2.332,2.2773442
2.316,2.2923794
2.358,2.3077207
2.394,2.3347878
2.388,2.3342516
2.4679999999999995,2.3265505
2.528,2.407295
3.0339999999999994,2.456683
3.362,2.9212167
6.332,3.2670214
6.892,5.984022
7.2059999999999995,5.843495
7.238,6.889074
4.938,7.014125
5.02,4.833743
5.626,5.030761
6.218,5.2871895
4.266,6.2806487
4.012,4.2922435
4.057999999999999,4.0570436
4.042,4.1155105
4.026,3.8432555
4.049999999999999,3.8952007
4.034,3.8931997
4.026,3.750182
3.9939999999999998,3.7868307
3.987999999999999,3.8117366
3.9719999999999995,3.8626976
3.97,3.8282459
3.9819999999999998,3.8400834
3.9499999999999997,3.806874
3.8739999999999997,3.8764517
3.8819999999999992,3.8516164
3.8659999999999997,3.8112059
3.8739999999999997,3.7778606
3.8599999999999994,3.7542593
3.8339999999999996,3.7862046
3.9019999999999997,3.7875903
3.9059999999999997,3.754522
3.9179999999999997,3.754522
3.928,3.7672276
3.9499999999999997,3.7599561
3.9799999999999995,3.7885466
3.9319999999999995,3.7684517
3.9620000000000006,3.7684517
3.9839999999999995,3.7684517
4.016,3.7857344
4.016,3.8579316
4.029999999999999,3.8579316
4.034,3.8538709
3.9979999999999993,3.8449764
3.9539999999999997,3.8449764
3.93,3.7727792
3.9719999999999995,3.7727792
4.944,3.7727792
4.12,4.66023
4.129999999999999,3.8906243
4.232,3.9684649
4.234,4.0515633
4.215999999999999,4.0286617
4.089999999999999,4.0288577
4.155999999999999,3.9041634
4.169999999999999,3.9641054
3.7539999999999996,4.0285673
3.596,3.6519475
3.66,3.5448196
3.654,3.6343095
3.605999999999999,3.642677
3.2959999999999994,3.6138308
3.2659999999999996,3.4346082
3.2619999999999996,3.4607565
3.7839999999999994,3.3440754
3.9499999999999997,3.7634556
3.778,3.6956751
3.7319999999999998,3.7170315
3.7219999999999995,3.669299
3.4299999999999993,3.604661
2.878,3.261948
2.87,2.78247
2.484,3.1475873
2.396,2.796343
3.446,2.7595024
3.476,3.5122316
3.5400000000000005,3.337899
3.516,3.5658345
3.5199999999999996,3.3860173
3.5400000000000005,3.4087632
3.5000000000000004,3.4547398
3.482,3.3857627
3.4959999999999996,3.2792144
3.459999999999999,3.419269
3.512,3.316469
3.5139999999999993,3.4451358
3.5400000000000005,3.4275143
3.556,3.4966383
3.574,3.519141
3.7579999999999996,3.519141
4.693999999999999,3.6343236
5.07,4.266994
3.9719999999999995,4.6799707
3.924,3.7757154
3.9099999999999997,3.8590844
3.846,3.8152225
4.522000000000001,3.827839
4.212,4.212301
3.7139999999999995,3.97759
3.3759999999999994,3.609646
3.352,3.2400708
3.3499999999999996,3.422521
3.344,3.386783
3.339999999999999,3.3711827
3.318,3.3618767
3.2999999999999994,3.3744576
3.286,3.329524
3.2839999999999994,3.329524
3.2839999999999994,3.3322003
3.2979999999999996,3.2940776
3.276,3.352987
3.2919999999999994,3.3685124
3.3499999999999996,3.363912
3.3379999999999996,3.3282359
3.32,3.364635
3.3019999999999996,3.3149028
3.32,3.3712053
3.322,3.340554
3.396,3.310435
3.4039999999999995,3.310435
4.842,3.3011806
4.441999999999999,4.6020584
3.4399999999999995,4.1990604
3.506,3.291363
3.504,3.5144293
3.49,3.4790156
3.476,3.4336035
3.4579999999999997,3.3697686
3.4559999999999995,3.4086561
3.4479999999999995,3.3939466
3.434,3.3091297
3.394,3.3117328
3.4399999999999995,3.2919703
3.4259999999999997,3.2979255
3.428,3.2717128
3.4039999999999995,3.2783024
3.36,3.3189719
3.3499999999999996,3.3189719
3.358,3.341841
3.358,3.3114579
3.366,3.371926
3.352,3.3411276
3.3499999999999996,3.31776
3.36,3.3054419
3.3719999999999994,3.3054419
3.3859999999999997,3.3054419
3.3739999999999997,3.3054419
3.3419999999999996,3.3011806
3.358,3.3054419
3.3379999999999996,3.3054419
3.3899999999999992,3.3054419
3.398,3.3054419
3.402,3.3011806
3.4119999999999995,3.3011806
3.4259999999999997,3.3011806
3.4219999999999997,3.3011806
3.419999999999999,3.3011806
3.4039999999999995,3.3011806
3.394,3.3011806
3.432,3.3011806
3.5179999999999993,3.3011806
3.5099999999999993,3.4067369
3.5219999999999994,3.4069161
3.516,3.4856906
3.544,3.4358273
3.5579999999999994,3.4883797
3.544,3.519141
3.5359999999999996,3.504772
3.4699999999999993,3.504772
3.468,3.342691
3.464,3.316469
3.4519999999999995,3.316469
3.442,3.316469
3.4,3.316469
3.406,3.3011806
3.4139999999999997,3.3011806
3.3359999999999994,3.3011806
3.3419999999999996,3.3011806
3.37,3.3054419
3.352,3.3054419
3.384,3.3054419
3.3679999999999994,3.3054419
3.388,3.3011806
3.396,3.3054419
3.4039999999999995,3.3011806
3.41,3.3011806
3.392,3.3011806
3.392,3.3011806
3.4399999999999995,3.3011806
3.3899999999999992,3.3137798
3.3779999999999997,3.3011806
3.36,3.3011806
1.9359999999999997,3.3011806
1.304,2.5766199
1.31,2.3931255
1.374,1.9187726
1.53,1.7595116
1.614,1.709976
1.698,1.4726632
1.558,1.6871475
1.51,1.6849986
1.5640000000000003,1.6367124
1.604,1.6282624
1.598,1.6124357
1.586,1.6059281
1.5640000000000003,1.5925354
1.5539999999999998,1.653206
1.556,1.6335752
1.55,1.6336738
1.6,1.6273761
1.778,1.6352895
1.7299999999999998,1.7148474
1.732,1.7114122
1.7500000000000002,1.7266455
1.756,1.7375207
1.672,1.7429751
1.638,1.6820157
1.63,1.6608157
1.63,1.6758842
1.626,1.6752414
1.63,1.6697869
1.6320000000000001,1.6697869
1.628,1.6697869
1.628,1.6697869
1.626,1.6697869
1.618,1.6697869
1.622,1.6622506
1.62,1.6622506
1.6,1.6622506
1.608,1.6622506
1.332,1.6622506
1.308,1.4538717
1.322,1.4353364
1.31,1.3839114
1.382,1.3461932
1.418,1.3336581
1.412,1.4043248
1.404,1.4335983
1.396,1.4394078
1.398,1.4297937
1.4,1.4297937
1.404,1.4297937
1.4560000000000002,1.4297937
1.474,1.4466395
1.468,1.4487609
1.462,1.4627928
1.47,1.4604993
1.448,1.4644495
1.372,1.4644495
1.374,1.3863245
1.386,1.3863245
1.386,1.4170666
1.312,1.4170666
1.31,1.3338892
1.298,1.3286644
1.294,1.3090242
1.29,1.2990516
1.286,1.2990516
1.29,1.2851479
1.292,1.2990516
1.288,1.2990516
1.296,1.2851479
1.304,1.2990516
1.304,1.2990516
1.292,1.2990516
1.292,1.2990516
1.292,1.2990516
1.324,1.2990516
1.296,1.315294
1.31,1.2990516
1.314,1.2990516
1.4,1.2990516
1.422,1.3949566
1.4159999999999997,1.414386
1.4059999999999997,1.4239842
1.41,1.4436535
1.4059999999999997,1.4297937
1.39,1.4297937
1.402,1.4131162
1.4059999999999997,1.4297937
1.422,1.4297937
1.42,1.4439983
1.42,1.4439983
1.432,1.4578581
1.464,1.4578581
1.394,1.4604993
1.386,1.4436535
1.392,1.426976
1.388,1.4337441
1.384,1.4170666
1.388,1.3685147
1.386,1.4131162
1.354,1.4131162
1.288,1.3501313
1.284,1.3199855
1.29,1.3147607
1.296,1.2990516
1.29,1.2990516
1.29,1.2990516
1.296,1.2990516
1.306,1.2990516
1.306,1.2990516
1.31,1.2990516
1.3,1.2990516
1.29,1.2990516
1.292,1.2990516
1.298,1.2990516
1.308,1.2990516
1.324,1.2990516
1.408,1.315294
1.402,1.3949566
1.654,1.4001814
1.824,1.526104
1.814,1.7345139
1.8,1.7710721
1.79,1.7851079
1.788,1.7822473
1.786,1.7826676
1.7800000000000002,1.7826676
1.79,1.7366209
1.796,1.7776179
1.796,1.821325
1.71,1.827639
1.704,1.7251738
1.69,1.7251738
1.7500000000000002,1.6921376
1.754,1.7325016
1.764,1.7270473
1.778,1.732008
1.796,1.732008
1.792,1.8185178
1.784,1.7723695
1.7800000000000002,1.7736338
1.7700000000000002,1.7422508
1.7,1.7422508
1.688,1.7148758
1.692,1.6921376
1.692,1.7148758
1.634,1.7148758
1.636,1.6704298
1.64,1.6704298
1.634,1.6697869
1.6320000000000001,1.6697869
1.61,1.6704298
1.4460000000000002,1.6622506
1.404,1.5882638
1.438,1.5312408
1.396,1.525755
1.388,1.4865682
1.396,1.4405403
1.398,1.4394078
1.396,1.4433582
1.39,1.4394078
1.362,1.4131162
1.4560000000000002,1.3685147
1.668,1.4466395
1.5740000000000003,1.5360762
1.382,1.5446931
1.376,1.4642581
1.448,1.4171374
4.112,1.5049225
4.234,4.479909
4.388,3.9283671
2.096,4.1503735
1.626,2.097253
2.032,2.1283615
2.5879999999999996,2.3296807
2.5699999999999994,2.7190783
1.914,2.5402503
1.764,1.5731412
1.756,1.9469324
1.7600000000000002,1.9260162
1.762,1.8298355
1.738,1.6837202
1.552,1.6260715
1.482,1.6824762
1.438,1.6494918
1.448,1.6077468
1.45,1.586506
1.438,1.5157272
1.438,1.4622674
1.4460000000000002,1.4677222
1.4560000000000002,1.4799204
1.454,1.4675221
1.454,1.4736205
1.4560000000000002,1.4641505
1.448,1.4641505
1.448,1.4580435
1.4359999999999997,1.4644495
1.394,1.4618083
1.638,1.4520566
1.482,1.5567595
1.392,1.4517708
1.39,1.5154065
1.388,1.4396782
1.484,1.4618564
1.6320000000000001,1.4527111
1.696,1.5383697
1.704,1.6002548
1.684,1.6595293
1.69,1.633859
1.698,1.6770692
1.686,1.7088411
1.502,1.6770692
1.444,1.5889502
1.424,1.5964429
1.434,1.525755
1.448,1.5146326
1.438,1.4818897
1.4560000000000002,1.4714224
1.46,1.4701133
1.46,1.4740636
1.458,1.4644495
1.4059999999999997,1.4644495
1.386,1.4476037
1.39,1.4309262
1.38,1.4170666
1.38,1.3724649
1.392,1.3685147
1.39,1.4297937
1.388,1.4131162
1.39,1.4131162
1.372,1.4131162
1.3679999999999999,1.3685147
1.374,1.3685147
1.362,1.3685147
1.39,1.3685147
1.4,1.4131162
1.402,1.4297937
1.404,1.4297937
1.388,1.4297937
1.41,1.4131162
1.412,1.4297937
1.4059999999999997,1.4339564
1.412,1.4297937
1.4059999999999997,1.4339564
1.396,1.4297937
1.404,1.4297937
1.414,1.4297937
1.41,1.4339564
1.422,1.4297937
1.4159999999999997,1.4439983
1.434,1.4339564
1.49,1.4578581
1.488,1.4487609
1.486,1.464914
1.486,1.464914
1.494,1.4688643
1.494,1.4688643
1.494,1.4688643
1.478,1.4688643
1.46,1.4688643
1.428,1.4745691
1.394,1.4696344
1.396,1.4554298
1.4,1.4476037
1.402,1.4337441
1.4,1.4337441
1.402,1.4297937
1.412,1.4297937
1.414,1.4339564
1.404,1.4339564
1.408,1.4297937
1.402,1.4297937
1.396,1.4297937
1.386,1.4297937
1.392,1.4131162
1.402,1.4297937
1.404,1.4297937
1.402,1.4297937
1.4059999999999997,1.4297937
1.412,1.4297937
1.41,1.4339564
1.45,1.4297937
1.486,1.4466395
1.504,1.4487609
1.504,1.4850522
1.502,1.4850522
1.488,1.4795227
1.326,1.4795227
0.388,1.3780607
0.39,0.86376905
0.436,0.6357906
0.468,0.4656005
0.472,0.49025637
0.476,0.47488275
0.476,0.47919813
0.472,0.47919813
0.466,0.47919813
0.46199999999999997,0.47098684
0.454,0.47098684
0.454,0.47098684
0.382,0.47098684
0.384,0.42857343
0.384,0.41576543
0.38,0.41576543
0.38,0.40346703
0.378,0.40346703
0.374,0.3946125
0.36400000000000005,0.3946125
0.30999999999999994,0.37586832
0.30999999999999994,0.33951515
0.308,0.3293835
0.302,0.3293835
0.302,0.32111737
0.302,0.3182021
0.3,0.3182021
0.296,0.3053249
0.298,0.3053249
0.298,0.3053249
0.298,0.3053249
0.298,0.3053249
0.298,0.3053249
0.298,0.3053249
0.302,0.3053249
0.306,0.3053249
0.304,0.31359112
0.296,0.31359112
0.294,0.3053249
0.296,0.3053249
0.296,0.3053249
0.334,0.3053249
0.376,0.3423035
0.376,0.38256872
0.374,0.3817353
0.374,0.3946125
0.372,0.3946125
0.37,0.3946125
0.37,0.3946125
0.374,0.3946125
0.378,0.3946125
0.314,0.3946125
0.298,0.35144717
0.296,0.32111737
0.296,0.32111737
0.296,0.3182021
0.296,0.3053249
0.296,0.3053249
0.296,0.3053249
0.296,0.3053249
0.296,0.3053249
0.292,0.3053249
0.294,0.3053249
0.296,0.3053249
0.3,0.3053249
0.306,0.3053249
0.304,0.31359112
0.304,0.31359112
0.302,0.31359112
0.302,0.3053249
0.302,0.3053249
0.296,0.3053249
0.294,0.3053249
0.294,0.3053249
0.294,0.3053249
0.294,0.3053249
0.294,0.3053249
0.298,0.3053249
0.296,0.3053249
0.302,0.3053249
0.304,0.3053249
0.394,0.31359112
0.378,0.3980027
0.38,0.37882006
0.38,0.3895058
0.378,0.40238297
0.378,0.3946125
0.374,0.39569655
0.374,0.3946125
0.372,0.3946125
0.306,0.3946125
0.294,0.33951515
0.294,0.32111737
0.294,0.3182021
0.298,0.3053249
0.3,0.3053249
0.3,0.3053249
0.302,0.3053249
0.3,0.3053249
0.3,0.3053249
0.298,0.3053249
0.298,0.3053249
0.298,0.3053249
0.298,0.3053249
0.298,0.3053249
0.298,0.3053249
0.286,0.3053249
0.286,0.3053249
0.286,0.3053249
0.29,0.3053249
0.292,0.3053249
0.292,0.3053249
0.29,0.3053249
0.294,0.3053249
0.294,0.3053249
0.292,0.3053249
0.292,0.3053249
0.292,0.3053249
0.29,0.3053249
0.29,0.3053249
0.358,0.3053249
0.358,0.34777305
0.358,0.35790482
0.358,0.36082008
0.362,0.37369728
0.362,0.37369728
0.358,0.37369728
0.358,0.37369728
0.358,0.37369728
0.324,0.37369728
0.28800000000000003,0.36577615
0.298,0.33124918
0.944,0.32111737
0.938,1.1038558
0.936,0.97733384
0.9339999999999999,0.92222613
0.96,0.96909
1.108,0.9734684
1.122,1.1391722
1.546,1.1571577
1.18,1.6204396
1.244,1.206974
1.162,1.3445928
1.168,1.1958591
1.184,1.2205864
1.166,1.213832
1.154,1.2041986
1.342,1.213832
1.532,1.310883
1.476,1.4415523
1.458,1.4329636
1.454,1.4553604
1.452,1.4635032
1.458,1.473062
1.462,1.4652361
1.462,1.4652361
1.57,1.4652361
1.712,1.5382668
1.722,1.6037279
1.732,1.6512712
1.752,1.6832569
1.722,1.726467
1.674,1.726467
1.622,1.6778556
1.692,1.6751461
1.448,1.7092458
1.764,1.5890503
1.536,1.7405828
1.424,1.5537357
1.516,1.5834656
1.636,1.5188905
1.7500000000000002,1.6263673
1.4159999999999997,1.6459453
1.3579999999999999,1.5252329
1.36,1.4703199
1.51,1.4108702
1.48,1.5419813
1.37,1.4410821
1.424,1.3953261
1.698,1.4674721
1.682,1.6195134
1.608,1.5724331
1.386,1.6025327
1.412,1.5102323
1.4,1.5355393
1.398,1.4783268
1.398,1.4769542
1.402,1.4297937
1.4259999999999997,1.4394078
1.576,1.4536124
1.458,1.5381541
1.338,1.4627928
1.352,1.3934312
1.342,1.3653636
1.61,1.3972917
1.4,1.5225182
1.504,1.422115
1.432,1.5022267
2.564,1.4574144
3.5199999999999996,2.3443887
3.5319999999999996,3.41379
3.556,3.4597297
3.7459999999999996,3.511284
3.756,3.7361073
3.8259999999999996,3.8173962
3.88,3.8588736
3.468,3.846037
3.3899999999999992,3.1806915
3.3819999999999997,3.32828
3.3759999999999994,3.3762677
3.358,3.3733604
2.32,3.2919543
1.298,2.4348345
1.296,1.6136203
1.236,1.894567
1.18,1.5363792
1.18,1.5016129
1.204,1.2711102
1.2299999999999998,1.3516424
1.228,1.3856376
1.216,1.3679078
1.518,1.3067292
1.512,1.5218133
1.476,1.4666493
1.496,1.4675908
1.512,1.477563
1.516,1.5055585
1.4359999999999997,1.4931146
1.576,1.4792334
2.002,1.5645354
1.706,1.8411883
1.5,1.6465476
1.482,1.5715173
1.338,1.5918233
1.246,1.5307941
1.218,1.3678567
1.216,1.3205892
1.2199999999999998,1.287818
1.218,1.2827576
1.218,1.2827576
1.222,1.2910451
1.528,1.2819837
1.37,1.4911478
1.256,1.3436927
1.256,1.33744
1.258,1.3606253
1.262,1.3142879
1.254,1.2782085
1.252,1.2685751
1.252,1.2782085
1.244,1.2782085
1.242,1.2782085
1.2399999999999998,1.2782085
1.2399999999999998,1.2811972
1.252,1.2811972
1.254,1.2868583
1.2499999999999998,1.2868583
1.262,1.2782085
1.334,1.2782085
1.482,1.315294
1.654,1.4289964
1.722,1.529184
1.704,1.6079084
1.716,1.6505581
1.728,1.6656309
1.726,1.726467
2.236,1.726467
2.9199999999999995,2.026153
2.798,2.7375033
2.7639999999999993,2.8284144
2.7460000000000004,2.69761
2.7339999999999995,2.7378693
2.7999999999999994,2.765872
2.7779999999999996,2.8735766
2.7679999999999993,2.7331185
2.771999999999999,2.7262664
2.638,2.7364354
2.416,2.6903324
2.5339999999999994,2.427911
2.524,2.5431585
2.518,2.5052202
2.492,2.4906316
2.4819999999999998,2.44526
2.4999999999999996,2.4123042
2.6959999999999997,2.4418066
2.828,2.6434653
2.8539999999999996,2.7546124
2.8479999999999994,2.782857
2.8359999999999994,2.782857
2.828,2.7976396
2.83,2.8017359
3.7319999999999998,2.8409598
4.986,3.7695806
4.614,4.7713804
4.602,4.427946
4.63,4.423094
4.602,4.4755726
4.634,4.4255533
4.682,4.4517245
4.658,4.486838
4.56,4.5011983
4.572,4.367247
4.228,4.3782463
2.4719999999999995,4.0585594
2.402,2.8527937
4.106,2.9866369
5.27,4.09105
4.714,4.869822
2.692,4.302869
4.448,2.8193614
6.618,4.2762313
7.166,5.813646
6.422000000000001,6.676887
4.446,5.915622
4.476,4.268714
4.472,4.523253
4.556,4.383226
4.592,4.280914
3.836,4.597048
3.506,3.685566
3.4879999999999995,3.6312404
3.49,3.6540215
3.3059999999999996,3.645745
1.378,3.4327078
1.38,2.310944
1.452,2.3312778
3.542,1.9708841
3.5539999999999994,3.7587776
1.562,3.1493297
1.374,1.9562292
1.598,2.182238
3.45,1.8250506
3.4039999999999995,3.3769004
3.396,2.8673613
3.4139999999999997,2.688545
3.4139999999999997,3.1109047
3.402,3.3867748
3.3779999999999997,3.3222444
3.4039999999999995,3.2788646
1.3579999999999999,3.1918378
1.19,1.9550312
1.174,2.066742
1.196,1.619879
1.144,1.7907917
1.144,1.223161
1.522,1.1066529
1.596,1.625946
1.668,1.5626314
1.672,1.5286487
1.676,1.6204538
1.67,1.6334684
1.678,1.6563252
1.672,1.6606202
1.664,1.6817291
1.494,1.6755211
1.918,1.6178424
2.958,1.8912425
4.484,2.8079433
4.026,4.2963114
5.522,3.6397915
5.79,4.788064
6.146,5.3596516
6.18,5.9185925
6.150000000000001,6.048492
6.184,6.0162306
6.424,6.015108
6.412,5.9787483
6.214,5.9997582
6.148,6.056977
6.150000000000001,6.0234504
6.086,5.749368
5.928,6.19271
6.664,5.7264338
6.692,5.820731
6.66,5.865823
5.328,5.753047
4.764,4.8157697
4.718,4.339777
4.676,4.3853145
4.66,4.4104695
4.693999999999999,4.326945
4.702,4.2826204
4.748000000000001,4.365701
4.75,4.421831
4.524,4.353123
4.043999999999999,4.2768283
3.894,3.9201975
4.54,3.9676132
4.66,4.2913094
3.5499999999999994,4.3745384
4.622,3.5429332
4.864,4.377243
4.246,4.581861
4.842,4.0076137
5.454,4.6158175
4.1499999999999995,4.874612
5.334,3.8398106
4.926,4.9149528
4.098,4.643877
4.562000000000001,3.8468854
4.404,4.3475084
2.9320000000000004,4.3610997
2.388,3.5562308
2.3340000000000005,3.1000443
2.368,2.9024606
2.278,2.7979794
2.292,2.6540122
2.266,2.4722838
2.31,2.3529763
2.106,2.383801
2.13,2.302852
2.102,2.2871783
2.128,2.2656534
2.106,2.2194989
2.138,2.2613482
2.126,2.2736754
2.15,2.2678962
2.086,2.255862
2.1,2.1966498
2.074,2.2137556
2.102,2.1496408
2.39,2.1679235
2.448,2.167745
2.492,2.2182918
2.638,2.344982
2.914,2.6201227
2.918,2.7884028
2.8079999999999994,2.7940679
2.378,2.77633
4.524,2.3749893
4.63,4.3148055
6.004,4.389739
6.976,5.5246544
6.3,6.200941
6.742,5.9587846
6.638,5.9743757
6.426,6.072881
6.382000000000001,6.0249295
6.3,6.053525
6.238,6.030076
4.364,5.997406
4.584,4.467416
4.888,4.439071
4.194,4.7853065
4.198,3.9423075
4.148,3.8961718
4.1499999999999995,3.9097795
4.226,3.8691604
4.254,4.0016046
4.16,3.967905
3.876,3.9922502
3.862,3.8341267
3.89,3.984955
3.884,3.9296412
3.8159999999999994,3.9701169
3.7199999999999998,3.895551
3.7359999999999993,3.7313592
3.548,3.7831888
2.986,3.5334873
3.9539999999999997,2.938717
3.134,3.9092817
3.248,2.930038
3.712,3.3087554
3.7579999999999996,3.659211
3.0319999999999996,3.6936264
2.954,2.7459848
3.772,3.0220783
3.77,3.76634
3.092,3.806087
3.0579999999999994,2.7663138
3.8119999999999994,3.0846398
3.5979999999999994,3.7756581
2.6219999999999994,3.553232
3.761999999999999,2.738429
3.348,3.923363
2.625999999999999,3.2365165
2.5799999999999996,2.8420875
2.036,2.9935045
1.856,2.4243116
2.138,2.3539436
1.612,2.5383434
2.5919999999999996,1.8017694
1.16,2.5540543
2.4339999999999997,1.6808721
2.05,2.3349884
1.478,1.7166536
0.7820000000000001,1.8976153
0.572,1.6485318
0.48399999999999993,1.0093046
0.5,0.9325973
0.474,0.78141385
0.496,0.6204686
0.476,0.5847525
0.448,0.5129162
0.284,0.48722714
0.22000000000000003,0.3566046
0.24,0.40756503
0.22000000000000003,0.2701579
0.24,0.35653812
0.222,0.33278507
0.24,0.30681476
0.228,0.26468587
0.304,0.34383547
0.316,0.32624263
0.334,0.3271028
0.426,0.3451768
0.404,0.43916246
0.42,0.42387062
0.4,0.44179162
0.416,0.43087828
0.394,0.42401654
0.34199999999999997,0.4360321
0.318,0.3709632
0.336,0.3525312
0.316,0.35918003
0.332,0.3525312
0.30999999999999994,0.35672846
0.33,0.33951515
0.30999999999999994,0.3556444
0.276,0.33951515
0.216,0.3099819
0.236,0.27441886
0.216,0.2715036
0.236,0.2586265
0.216,0.2586265
0.236,0.2586265
0.216,0.2586265
0.236,0.2586265
0.218,0.2586265
0.238,0.2586265
0.218,0.27280673
0.236,0.2586265
0.23,0.2586265
0.224,0.2586265
0.236,0.2586265
0.216,0.2586265
0.236,0.2586265
0.216,0.2586265
0.234,0.2586265
0.216,0.2586265
0.234,0.2586265
0.26,0.2586265
0.306,0.2747209
0.398,0.31359112
0.416,0.3980027
0.392,0.40822405
0.41,0.39878318
0.39,0.4171208
0.40800000000000003,0.41166043
0.38599999999999995,0.41820484
0.348,0.41274452
0.30999999999999994,0.3709632
0.328,0.34059924
0.352,0.35672846
0.52,0.3709632
0.51,0.5406409
0.516,0.5480559
0.458,0.5093377
0.424,0.49333364
0.416,0.47501174
0.418,0.4493887
0.382,0.4334018
0.21,0.41176826
0.23,0.2856347
0.21,0.27550292
0.228,0.27258766
0.212,0.25971055
0.23,0.2586265
0.212,0.2586265
0.23,0.2586265
0.214,0.2586265
0.232,0.2586265
0.214,0.2586265
0.234,0.2586265
0.214,0.2586265
0.232,0.2586265
0.214,0.2586265
0.232,0.2586265
0.212,0.2586265
0.232,0.2586265
0.214,0.2586265
0.29,0.2586265
0.394,0.3053249
0.412,0.3980027
0.392,0.4282129
0.40800000000000003,0.39878318
0.3960000000000001,0.4171208
0.39,0.41166043
0.398,0.41274452
0.378,0.41274452
0.33,0.39569655
0.304,0.36686024
0.324,0.34059924
0.304,0.35672846
0.322,0.33768398
0.3,0.3427672
0.228,0.3283339
0.21,0.26154172
0.228,0.2715036
0.212,0.2586265
0.232,0.2586265
0.214,0.2586265
0.232,0.2586265
0.234,0.2586265
0.32000000000000006,0.2586265
0.296,0.33985195
0.314,0.3154568
0.298,0.32843834
0.316,0.3182021
0.298,0.32843834
0.318,0.3182021
0.3,0.32843834
0.316,0.3182021
0.294,0.32843834
0.312,0.3182021
0.292,0.32843834
0.30999999999999994,0.3182021
0.304,0.3165064
0.296,0.32646823
0.308,0.30824015
0.32000000000000006,0.32646823
0.416,0.33985195
0.466,0.48605028
0.482,0.5130128
0.46199999999999997,0.47210684
0.478,0.4576043
0.458,0.48040816
0.474,0.47910023
0.452,0.4814922
0.466,0.47910023
0.42,0.4669896
0.34199999999999997,0.46398515
0.306,0.38314095
0.326,0.34890047
0.278,0.36502972
0.234,0.3182825
0.214,0.26262578
0.234,0.2715036
0.214,0.2586265
0.232,0.2586265
0.214,0.2586265
0.234,0.2586265
0.216,0.2586265
0.232,0.2586265
0.212,0.2586265
0.23,0.2586265
0.22000000000000003,0.2586265
0.232,0.2586265
0.234,0.2586265
0.222,0.2586265
0.24199999999999997,0.2586265
0.222,0.27280673
0.24,0.2586265
0.22000000000000003,0.27280673
0.24,0.2586265
0.22000000000000003,0.27280673
0.24199999999999997,0.2586265
0.224,0.27280673
0.24199999999999997,0.2586265
0.284,0.27280673
0.356,0.3053249
0.332,0.34777305
0.35,0.34998378
0.394,0.35700196
0.424,0.42392698
0.402,0.44179162
0.42,0.42099735
0.398,0.44179162
0.414,0.42383823
0.394,0.4222472
0.41,0.42104572
0.344,0.41820484
0.336,0.3709632
0.24,0.3693118
0.24199999999999997,0.29981503
0.224,0.2896832
0.24199999999999997,0.27258766
0.23,0.27280673
0.236,0.2586265
0.244,0.2586265
0.224,0.27280673
0.244,0.2586265
0.226,0.27280673
0.244,0.2586265
0.224,0.27280673
0.244,0.2586265
0.226,0.27280673
0.244,0.2586265
0.224,0.27280673
0.246,0.2586265
0.228,0.2747209
0.248,0.2586265
0.228,0.2747209
0.246,0.2586265
0.226,0.2747209
0.246,0.2586265
0.226,0.2747209
0.244,0.2586265
0.286,0.27280673
0.356,0.3053249
0.334,0.34777305
0.352,0.35243535
0.332,0.35700196
0.348,0.36577615
0.374,0.36987913
0.42,0.39836115
0.4,0.44179162
0.416,0.42099735
0.406,0.42401654
0.402,0.42542207
0.412,0.4171208
0.392,0.4222472
0.286,0.41274452
0.226,0.33233324
0.244,0.27550292
0.226,0.28676796
0.244,0.25971055
0.226,0.2738908
0.246,0.2586265
0.224,0.2747209
0.246,0.2586265
0.224,0.2747209
0.246,0.2586265
0.224,0.2747209
0.244,0.2586265
0.224,0.27280673
0.246,0.2586265
0.224,0.2747209
0.244,0.2586265
0.224,0.27280673
0.24199999999999997,0.2586265
0.222,0.27280673
0.24,0.2586265
0.222,0.27280673
0.244,0.2586265
0.224,0.27280673
0.244,0.2586265
0.298,0.27280673
0.358,0.3053249
0.346,0.34777305
0.336,0.35408673
0.348,0.35535058
0.324,0.36987913
0.34199999999999997,0.36577615
0.324,0.36987913
0.34199999999999997,0.36577615
0.392,0.36987913
0.414,0.42392698
0.392,0.42116317
0.41,0.41166043
0.37,0.4171208
0.366,0.3946125
0.374,0.37695238
0.394,0.39569655
0.322,0.41274452
0.322,0.36686024
0.308,0.36577615
0.326,0.33951515
0.306,0.3556444
0.322,0.33768398
0.302,0.3556444
0.32000000000000006,0.3283339
0.306,0.3427672
0.324,0.33659995
0.304,0.3427672
0.324,0.33659995
0.304,0.3427672
0.322,0.33659995
0.306,0.3427672
0.312,0.33659995
0.314,0.32843834
0.298,0.33840021
0.314,0.30824015
0.294,0.34131548
0.312,0.3182021
0.294,0.32843834
0.392,0.3182021
0.404,0.40091798
0.382,0.41420555
0.326,0.3895058
0.344,0.36577615
0.324,0.36987913
0.34,0.36686024
0.322,0.3709632
0.34199999999999997,0.36577615
0.322,0.36987913
0.34199999999999997,0.36577615
0.322,0.36987913
0.36,0.36577615
0.356,0.37369728
0.32000000000000006,0.37369728
0.3,0.36577615
0.34199999999999997,0.33124918
0.32000000000000006,0.35974735
0.322,0.36286092
0.298,0.35289904
0.292,0.33124918
0.224,0.32111737
0.24199999999999997,0.2715036
0.232,0.27280673
0.234,0.2586265
0.246,0.2586265
0.224,0.2747209
0.244,0.2586265
0.224,0.27280673
0.244,0.2586265
0.226,0.27280673
0.248,0.2586265
0.234,0.2747209
0.254,0.2586265
0.232,0.2747209
0.248,0.2586265
0.226,0.2747209
0.244,0.2586265
0.224,0.27280673
0.34199999999999997,0.2586265
0.334,0.3439549
0.348,0.35243535
0.328,0.35700196
0.344,0.36577615
0.324,0.36987913
0.34,0.36577615
0.318,0.36987913
0.34,0.35144717
0.322,0.35974735
0.338,0.36577615
0.318,0.36822775
0.338,0.35144717
0.256,0.35809594
0.238,0.3006451
0.23,0.28859913
0.25,0.2715036
0.312,0.2747209
0.292,0.3255231
0.314,0.3053249
0.294,0.32843834
0.314,0.3182021
0.294,0.32843834
0.316,0.3182021
0.272,0.32843834
0.244,0.28759804
0.224,0.275722
0.244,0.2715036
0.224,0.27280673
0.244,0.2586265
0.22000000000000003,0.27280673
0.236,0.2586265
0.216,0.2586265
0.236,0.2586265
0.218,0.2586265
0.238,0.2586265
0.218,0.27280673
0.238,0.2586265
0.226,0.27280673
0.3539999999999999,0.2586265
0.332,0.3439549
0.348,0.34998378
0.328,0.35700196
0.346,0.36577615
0.326,0.36987913
0.338,0.36577615
0.33,0.36822775
0.316,0.36577615
0.33,0.35144717
0.308,0.3556444
0.328,0.33951515
0.30999999999999994,0.3556444
0.262,0.33659995
0.224,0.29051328
0.24199999999999997,0.27441886
0.226,0.28568387
0.246,0.2586265
0.226,0.2747209
0.238,0.2586265
0.218,0.27280673
0.306,0.2586265
0.296,0.31359112
0.318,0.3053249
0.298,0.3255231
0.314,0.3053249
0.292,0.32843834
0.308,0.3182021
0.28800000000000003,0.3165064
0.25,0.3182021
0.222,0.2747209
0.24199999999999997,0.2715036
0.224,0.27280673
0.24199999999999997,0.2586265
0.224,0.27280673
0.244,0.2586265
0.23,0.27280673
0.236,0.2586265
0.256,0.2586265
0.346,0.2747209
0.358,0.3439549
0.338,0.35790482
0.358,0.35535058
0.338,0.37369728
0.356,0.36822775
0.332,0.37369728
0.352,0.36577615
0.328,0.36987913
0.414,0.36577615
0.41,0.4334297
0.428,0.4171208
0.40800000000000003,0.44179162
0.36400000000000005,0.42099735
0.30999999999999994,0.37586832
0.328,0.34890047
0.856,0.35672846
1.482,1.1747694
1.444,1.5411059
1.454,1.2350969
1.434,1.329393
1.444,1.4300252
1.422,1.4213005
1.44,1.430787
1.428,1.4547964
1.506,1.4476807
1.484,1.4653479
1.484,1.4524225
1.484,1.4670312
1.484,1.4615676
1.478,1.4693937
1.474,1.4615676
1.474,1.4607458
1.4259999999999997,1.4696507
1.4159999999999997,1.4648883
1.414,1.4525528
1.3579999999999999,1.4525528
1.336,1.354868
1.372,1.3509177
1.454,1.3693011
1.45,1.4374539
1.4460000000000002,1.4374539
1.442,1.4748296
1.438,1.4604993
1.4460000000000002,1.4618083
1.452,1.4644495
1.4460000000000002,1.4644495
1.302,1.4644495
0.322,1.3516992
0.314,0.7341818
0.314,0.59012127
0.32000000000000006,0.37262622
0.28,0.40702918
0.222,0.3340251
0.22000000000000003,0.2721248
0.216,0.26920953
0.218,0.2563324
0.222,0.26262367
0.222,0.26262367
0.22000000000000003,0.26262367
0.216,0.26262367
0.212,0.26262367
0.218,0.26262367
0.22000000000000003,0.26262367
0.22000000000000003,0.2586265
0.222,0.2586265
0.218,0.2586265
0.244,0.2586265
0.296,0.27280673
0.298,0.3053249
0.296,0.3053249
0.296,0.3053249
0.29,0.3053249
0.28800000000000003,0.3053249
0.29,0.3053249
0.292,0.3053249
0.232,0.3053249
0.3,0.2586265
0.322,0.3053249
0.318,0.33985195
0.324,0.3356549
0.322,0.3427672
0.32000000000000006,0.36577615
0.314,0.36577615
0.30999999999999994,0.35144717
0.30999999999999994,0.3293835
0.314,0.3293835
0.312,0.34131548
0.30999999999999994,0.34131548
0.306,0.3293835
0.306,0.3293835
0.268,0.3293835
0.222,0.28759804
0.22000000000000003,0.2586265
0.22000000000000003,0.2586265
0.212,0.2586265
0.212,0.2586265
0.218,0.2586265
0.216,0.2586265
0.216,0.2586265
0.214,0.2586265
0.208,0.2586265
0.21,0.2586265
0.216,0.2586265
0.216,0.2586265
0.216,0.2586265
0.21,0.2586265
0.21,0.2586265
0.218,0.2586265
0.27,0.2586265
0.312,0.2747209
0.334,0.3255231
0.38599999999999995,0.3423035
0.48399999999999993,0.41104975
0.71,0.51882076
1.026,0.89994013
4.014,1.1263543
4.978,4.0826073
4.518,3.230364
4.468,3.2071297
2.326,3.019428
2.192,2.1758633
2.784,2.5397015
1.302,2.4105031
0.9339999999999999,1.2827818
1.086,1.4226607
1.118,1.2254705
1.12,1.4101679
1.108,1.2738411
0.994,1.248716
0.868,1.0806737
0.806,1.0727131
0.904,0.9930102
1.016,0.9697567
1.5539999999999998,0.9860246
1.768,1.5879983
2.0,1.5054504
2.07,1.8349932
2.068,2.0016773
2.058,1.9339025
1.924,1.9158422
1.812,1.9470894
1.816,1.9728888
1.804,1.9678493
1.484,1.9167572
1.478,1.6752188
1.504,1.6403468
1.57,1.5699031
1.58,1.6003962
1.586,1.5744505
1.7,1.591363
1.254,1.6611025
0.888,1.4301243
0.9,1.102179
0.8900000000000001,1.0038885
0.998,0.9823228
0.952,0.9875675
0.93,0.942468
0.9239999999999999,0.9778497
0.95,0.9759131
1.002,0.96005714
0.992,0.98698527
0.988,0.9811443
0.988,0.9966248
0.996,0.99143004
1.0,0.99143004
1.054,0.997271
1.49,1.0024658
1.192,1.6125643
1.198,1.2792841
1.144,1.3117373
1.356,1.1433522
1.248,1.3913201
1.052,1.2878464
1.096,1.0397768
1.104,1.0552763
1.272,1.1560569
1.712,1.3410271
1.844,1.6132324
1.908,1.6408367
1.896,1.8550773
2.142,1.8777369
3.0259999999999994,2.0289643
3.01,2.920231
2.94,2.9974642
2.988,2.8629785
3.092,3.0412335
3.166,3.1223116
3.176,3.1355507
3.2619999999999996,3.1499815
3.1280000000000006,3.3408065
3.272,3.0937023
3.3419999999999996,3.3234854
3.3540000000000005,3.2923808
3.446,3.3143837
3.4479999999999995,3.3210096
3.242,3.2923646
3.1879999999999997,2.9122777
3.1779999999999995,3.1392682
3.1599999999999997,3.145556
3.1680000000000006,3.140995
2.9299999999999997,3.1250315
2.324,2.9272156
2.362,2.665438
2.412,2.5735474
2.5479999999999996,2.4929292
2.5399999999999996,2.6778493
2.524,2.5674274
2.524,2.4620163
2.4339999999999997,2.5347311
2.422,2.4455037
2.414,2.368295
2.408,2.386128
2.4739999999999998,2.3894043
2.238,2.4487398
2.082,2.3881755
2.32,2.3539
2.296,2.3763025
2.564,2.2598193
4.032,2.4321759
4.722,3.8579447
4.035999999999999,4.307612
4.596,3.7868204
4.109999999999999,4.392848
4.744,3.8906825
6.808,4.4695754
6.826,6.016063
6.9,6.0118155
6.898,6.0002236
6.919999999999999,5.97422
6.94,6.9936304
6.938,7.088573
7.016,7.1285963
7.07,7.1340632
8.024,7.1949267
9.078,7.189805
8.176,7.1804795
7.068,7.120259
6.698,7.1179996
6.218,6.062466
6.816,5.949772
7.026,5.952328
6.074,6.7367816
6.962,6.002212
4.936,6.4726353
3.92,4.810543
5.188,3.760498
7.132,5.138915
7.076,6.731991
4.84,6.1268125
3.9019999999999997,4.6664267
5.028,3.880009
6.916,5.2195816
7.932,6.9739347
6.776,6.367028
6.426,4.6906676
7.938,4.836193
6.814000000000001,6.984369
6.272,4.8014264
5.638000000000001,4.638977
4.072,4.9805493
3.53,3.9446046
3.742,3.8022485
4.5280000000000005,3.8307052
3.5099999999999993,4.2476115
4.082,3.60818
3.886,4.0168953
3.858,3.7625368
3.096,3.800379
2.594,2.9783876
2.566,3.0406342
2.514,3.0484343
2.602,2.7560253
2.6599999999999997,2.91471
2.644,2.8553452
2.674,2.6619313
2.554,2.6720965
2.4719999999999995,2.474669
2.496,2.3433294
2.47,2.4002042
2.488,2.4084203
2.4639999999999995,2.407062
2.4719999999999995,2.4252496
2.444,2.4211388
2.4419999999999997,2.4012823
2.422,2.4218323
2.42,2.3894043
2.4359999999999995,2.3914473
2.71,2.4120226
2.75,2.694053
2.59,2.6882987
3.6039999999999996,2.5966864
4.434,3.5647833
3.9139999999999997,4.3895264
4.389999999999999,3.7790482
3.8959999999999995,4.305061
5.718,3.7501574
6.656,5.6683545
6.668000000000001,5.8968105
6.714,5.9336066
6.7540000000000004,5.9845066
6.788,5.9886928
6.86,5.986916
6.702,6.0768623
6.656,6.060384
6.32,5.987294
4.444,6.023815
6.175999999999999,4.43761
4.464,6.1514053
4.466,4.3666534
4.035999999999999,4.172998
3.5499999999999994,3.7544448
4.494,3.4088924
4.57,4.124254
3.9099999999999997,4.2252846
3.9579999999999997,3.6427088
4.175999999999999,3.8512352
3.512,4.134439
3.584,3.4362886
4.28,3.7120981
3.3859999999999997,4.1669345
3.742,3.3747895
3.822,3.7879548
3.18,3.7995942
4.42,2.965089
3.25,4.140721
3.848,3.3340514
3.542,3.8234987
3.286,3.5173779
3.356,3.4894924
2.7359999999999998,3.4581406
3.3279999999999994,2.8646142
3.162,3.5943966
2.7359999999999998,2.9919796
3.476,2.9088454
2.656,3.4561875
3.5000000000000004,2.6074302
2.564,3.4691572
3.504,2.549316
2.256,3.4190788
1.96,2.5853488
1.932,2.582906
2.016,2.3801055
2.012,2.155012
1.96,2.2704685
1.96,1.8175774
1.95,1.8356471
1.876,2.03956
1.7500000000000002,1.9059644
1.702,1.8070782
1.664,1.7717414
1.686,1.7026768
1.658,1.72394
1.776,1.6873977
1.7800000000000002,1.7602872
1.798,1.757503
1.768,1.8281097
1.784,1.7515635
1.754,1.80149
1.7700000000000002,1.765756
1.756,1.7506422
1.7800000000000002,1.7490735
1.772,1.7443283
1.7700000000000002,1.7424089
1.786,1.7359368
1.774,1.7755003
1.792,1.7359368
1.776,1.7736338
1.784,1.7359368
1.686,1.7736338
1.732,1.6921376
1.786,1.7403412
1.802,1.7673198
1.7700000000000002,1.8173409
1.7800000000000002,1.7367964
1.774,1.7367964
1.788,1.7409865
1.768,1.7673198
1.802,1.7359368
1.806,1.8236549
1.81,1.8173409
2.022,1.8236549
2.028,1.9188055
1.976,1.9188055
1.986,1.9361993
2.5079999999999996,1.9397421
3.846,2.2964861
3.1879999999999997,3.766885
3.77,2.7237108
3.268,3.7762425
3.791999999999999,3.2488942
4.032,3.8537073
3.9419999999999997,3.8584654
3.974,3.7630744
5.634,3.7969084
6.126,5.033191
6.135999999999999,5.981308
6.284,5.9491506
6.206,5.9829116
6.192,5.9494824
6.13,5.949025
6.12,6.018203
6.086,6.0078764
6.086,5.999628
6.082,6.0177674
6.115999999999999,6.017065
6.114,6.0469604
6.198,5.928525
4.106,5.8795843
4.026,3.7841034
4.002,3.7925963
3.966,3.8438416
3.62,3.6712716
3.7539999999999996,3.4363024
5.148,3.6325758
3.9079999999999995,5.0279884
3.6779999999999995,3.7555988
3.8259999999999996,3.5576437
5.38,3.8608077
3.916,4.821596
3.5499999999999994,3.5956523
3.174,3.468845
2.878,3.2200844
3.366,3.3001742
2.35,3.5483675
3.4439999999999995,2.5915532
2.64,3.7882633
3.512,2.6435196
2.665999999999999,3.5151217
3.45,2.612558
2.7559999999999993,3.2672565
2.9959999999999996,2.6423647
2.8399999999999994,2.932524
2.378,2.9415228
2.182,2.549687
2.012,2.5788324
1.692,2.3444698
1.658,2.1131108
1.622,1.9947948
1.578,1.8042883
1.578,1.7693676
1.38,1.6115239
1.41,1.5306588
1.392,1.5514369
1.5,1.5059394
1.42,1.5132697
2.138,1.4542323
2.384,1.8520601
1.438,1.8934401
2.064,1.3881661
1.37,1.9241933
1.382,1.63633
1.4059999999999997,1.7468115
1.386,1.4929149
1.394,1.5592113
1.3679999999999999,1.4439662
1.39,1.442227
1.376,1.410225
1.39,1.3915765
1.366,1.4179877
1.354,1.3632648
1.294,1.3369687
1.308,1.369264
1.292,1.3393987
1.31,1.3059306
1.296,1.3381302
1.322,1.2990516
1.312,1.2990516
1.302,1.2990516
1.314,1.2990516
1.292,1.2990516
1.324,1.301925
1.316,1.315294
1.334,1.2990516
1.412,1.315294
1.444,1.4043441
1.42,1.4366673
1.43,1.4340261
1.414,1.4578581
1.56,1.447816
1.55,1.5384364
1.526,1.5229199
1.51,1.5184427
1.54,1.525615
1.524,1.5431184
1.536,1.5431184
1.518,1.5074869
1.538,1.5186095
1.514,1.5186095
1.582,1.5186095
1.508,1.567128
1.516,1.5186095
1.494,1.5262688
1.516,1.4984713
1.498,1.542871
1.512,1.4766903
1.412,1.5074869
1.592,1.4618858
1.87,1.5648345
1.8,1.7462902
1.932,1.7638483
2.014,1.8616691
2.016,1.9322581
2.016,2.0033445
2.104,1.9614198
2.088,2.0165079
2.086,2.0510492
2.072,2.049752
1.9660000000000002,2.0453901
1.88,2.0039165
1.902,1.9343038
1.886,1.9429898
1.888,1.9195914
1.876,1.9072195
2.014,1.8632973
2.17,1.954027
2.194,2.015495
2.172,2.008239
